id,age,gender,income,loan_amount,credit_score,ethnicity,residence,loan_approved
1,56,F,109415,20414,860,C,urban,1
2,69,M,88469,19329,463,A,urban,1
3,46,F,24436,27831,361,D,suburban,1
4,32,M,32669,46091,639,C,rural,1
5,60,F,87010,12588,965,D,urban,1
6,25,F,91764,5903,611,B,suburban,1
7,38,M,114074,49416,675,C,urban,1
8,56,M,16843,47723,645,D,suburban,1
9,36,M,80609,40572,449,B,rural,1
10,40,M,65812,22610,884,D,urban,1
11,28,F,31059,39052,880,A,urban,1
12,28,F,101269,38457,476,B,urban,1
13,41,M,55768,26527,653,D,suburban,1
14,53,M,40395,42550,813,D,suburban,1
15,57,M,35202,34011,608,A,urban,1
16,41,F,28273,42275,418,A,urban,1
17,20,M,63889,39764,818,C,rural,1
18,39,F,113635,37004,777,D,urban,1
19,19,F,88048,29064,713,C,urban,1
20,41,F,108767,33702,886,C,rural,1
21,61,M,103810,25165,650,C,urban,1
22,47,F,118235,13631,805,A,rural,1
23,55,M,60510,26852,494,D,rural,1
24,19,M,102945,9507,486,B,urban,1
25,38,F,85649,5527,749,C,suburban,1
26,50,F,17881,33981,795,B,suburban,1
27,29,M,60913,40764,814,B,rural,1
28,39,M,99785,41235,995,C,urban,1
29,61,M,80037,38471,572,D,suburban,1
30,42,M,77457,5662,351,C,rural,1
31,66,M,50343,29940,562,C,rural,1
32,44,M,77389,46882,667,A,rural,1
33,59,M,93250,11256,432,D,suburban,1
34,45,F,119489,33432,524,A,rural,1
35,33,F,23656,13367,609,A,urban,1
36,32,F,20741,43065,872,A,suburban,1
37,64,M,31661,30511,315,C,suburban,1
38,68,F,112091,13573,494,D,urban,1
39,61,F,43690,20582,742,C,urban,1
40,69,F,47833,10378,602,A,suburban,1
41,20,F,117566,18500,347,A,urban,1
42,54,F,86240,5305,420,B,urban,1
43,68,F,92711,26881,798,A,urban,1
44,24,M,72141,9697,861,B,rural,1
45,38,F,93232,12222,768,C,urban,1
46,26,F,54023,12933,340,D,rural,1
47,56,F,55209,22849,755,B,urban,1
48,35,F,108590,29236,833,A,suburban,1
49,21,M,101612,49231,670,D,suburban,1
50,42,M,95522,38170,481,C,suburban,1
51,31,F,29440,17901,816,D,rural,1
52,67,F,22960,11940,956,A,suburban,1
53,26,F,37462,24054,889,B,suburban,1
54,43,M,32821,45863,530,D,urban,0
55,19,M,72772,48610,647,A,suburban,1
56,37,F,42258,9544,778,C,urban,1
57,45,F,107889,30318,508,A,urban,1
58,64,F,103952,11074,974,B,rural,1
59,24,M,77524,44618,979,D,rural,1
60,61,F,37115,38518,577,B,urban,1
61,25,M,61433,30444,987,D,rural,1
62,64,F,105504,25446,352,B,suburban,1
63,52,M,103267,33543,309,D,urban,1
64,31,M,103321,29789,957,B,urban,1
65,34,F,119933,6617,763,A,rural,1
66,53,F,94364,40298,882,B,suburban,1
67,67,M,85077,8333,457,C,urban,1
68,57,F,55644,45002,318,D,suburban,1
69,21,M,77643,27152,354,B,suburban,1
70,19,M,28311,29091,320,B,suburban,0
71,23,M,45531,5511,581,D,suburban,1
72,59,M,29588,42850,839,D,suburban,1
73,21,F,64416,21636,716,C,suburban,1
74,46,M,27380,25517,584,D,rural,1
75,35,M,57645,36786,831,B,rural,1
76,43,F,32818,13820,831,A,suburban,1
77,61,M,45857,41244,810,A,rural,1
78,51,F,36711,14178,695,D,rural,1
79,27,M,20097,6725,419,A,urban,1
80,53,F,43393,23477,396,B,rural,1
81,31,M,37076,39469,419,D,urban,1
82,48,M,99274,13496,836,A,urban,1
83,65,M,72609,17270,452,D,suburban,1
84,32,M,44317,15472,544,D,suburban,1
85,25,M,119765,25724,815,D,suburban,1
86,31,F,73480,35416,692,A,suburban,1
87,40,F,22044,40575,442,B,urban,1
88,57,F,86033,20654,803,D,rural,1
89,38,F,70486,16078,519,A,urban,1
90,33,M,70162,33030,459,B,rural,1
91,62,M,94287,12572,375,C,urban,1
92,35,M,44882,22408,910,A,suburban,1
93,64,M,69078,24359,991,D,urban,1
94,41,F,73734,13698,938,C,suburban,1
95,43,F,58826,9856,331,A,urban,1
96,42,M,102985,32527,633,A,urban,1
97,62,M,59028,44492,824,A,urban,1
98,58,F,66331,14245,739,A,suburban,1
99,46,F,113938,48634,651,C,rural,1
100,32,M,47543,47864,638,A,urban,1
101,62,F,44362,33946,699,B,suburban,1
102,18,F,42315,42355,695,D,suburban,1
103,42,M,42746,42690,501,B,urban,1
104,24,M,25057,42814,829,A,urban,1
105,26,F,57915,36645,392,D,urban,1
106,41,F,36061,24278,657,A,urban,1
107,18,F,66370,12203,695,D,urban,1
108,61,M,49157,26658,359,C,urban,1
109,25,M,26322,47596,776,C,urban,1
110,41,F,84812,20797,911,C,rural,1
111,28,F,92842,37806,300,B,rural,1
112,68,M,49017,35958,854,D,suburban,1
113,34,F,71792,11265,610,D,suburban,1
114,25,F,42742,11598,467,B,urban,1
115,52,F,112136,40183,491,B,urban,1
116,52,F,79808,22142,333,D,urban,1
117,50,F,32629,31998,333,B,suburban,1
118,22,M,23245,30890,987,D,rural,1
119,59,F,111950,33878,716,C,urban,1
120,56,M,58870,19306,457,B,urban,1
121,58,F,110634,16885,799,A,suburban,1
122,45,M,79829,49145,665,A,rural,1
123,24,F,25588,48826,639,B,urban,1
124,26,M,15442,12443,634,B,urban,1
125,25,M,117979,36839,882,C,rural,1
126,29,M,92339,22084,626,C,urban,1
127,51,M,55721,28911,413,C,suburban,1
128,50,F,52145,9383,717,D,rural,1
129,65,F,25599,31777,767,A,rural,1
130,40,F,87594,39361,442,C,urban,1
131,41,M,97742,19758,908,A,urban,1
132,54,M,92430,34521,608,B,urban,1
133,52,M,17939,25529,700,A,suburban,1
134,61,M,37149,28091,619,B,suburban,1
135,57,F,81567,44794,511,B,rural,1
136,39,M,25208,36381,616,A,suburban,1
137,44,M,81098,40380,484,B,suburban,1
138,52,M,64492,35932,504,D,urban,1
139,18,M,35951,49097,663,A,urban,1
140,52,F,63920,6908,515,C,urban,1
141,54,F,61766,44722,545,B,urban,1
142,64,M,72014,35358,538,B,rural,1
143,31,M,43351,35412,690,A,suburban,1
144,20,M,99216,23174,819,A,urban,1
145,18,M,64386,20496,889,C,urban,1
146,22,M,102122,7928,576,A,urban,1
147,43,F,24308,35632,501,A,urban,1
148,31,F,74252,37309,513,B,rural,1
149,56,F,90145,14280,905,B,rural,1
150,44,M,110031,45449,777,C,urban,1
151,26,M,98211,26635,807,B,suburban,1
152,32,F,43064,31957,374,B,urban,1
153,32,F,68879,41895,968,B,urban,1
154,43,F,23720,9963,964,A,suburban,1
155,59,M,57940,32521,441,B,urban,1
156,30,F,94993,37615,889,B,urban,1
157,68,M,83475,49529,621,B,urban,1
158,49,F,62113,26695,993,C,urban,1
159,56,F,63926,14357,760,C,urban,1
160,66,F,53203,30176,969,A,urban,1
161,69,M,103901,23409,445,A,urban,1
162,49,F,20392,5987,353,B,suburban,1
163,21,M,40905,6965,655,C,urban,1
164,47,M,88508,45084,576,A,urban,1
165,54,M,65385,36318,894,D,urban,1
166,40,F,45653,31015,699,B,rural,1
167,56,M,106865,34191,967,B,urban,1
168,62,M,99720,5868,815,C,rural,1
169,32,F,29799,42146,798,A,urban,1
170,60,M,75103,34032,610,B,rural,1
171,46,F,30052,33305,570,B,urban,1
172,53,M,21044,27640,875,A,urban,1
173,30,M,34871,23318,748,D,suburban,1
174,49,F,104303,18246,411,C,suburban,1
175,24,M,35234,38844,538,A,suburban,1
176,68,M,36381,37602,443,B,urban,1
177,39,F,32274,26584,673,A,urban,1
178,45,F,102840,20169,319,D,suburban,1
179,19,F,98108,30968,875,B,rural,1
180,59,M,118948,11385,588,B,rural,1
181,62,M,64892,13222,892,B,suburban,1
182,23,F,65521,30444,496,B,urban,1
183,45,F,106501,43248,681,C,urban,1
184,45,F,98920,45545,880,C,rural,1
185,61,F,98391,10362,997,B,rural,1
186,61,F,32920,38718,978,C,rural,1
187,37,M,31702,13250,791,B,suburban,1
188,47,M,118457,7818,463,A,rural,1
189,28,F,16894,41368,905,A,rural,1
190,45,M,45985,49109,548,B,suburban,1
191,42,M,43287,20053,367,C,suburban,1
192,56,F,88527,32426,320,D,urban,1
193,50,F,30439,44023,811,A,suburban,1
194,18,M,109620,29892,896,B,rural,1
195,44,M,57235,48675,689,A,urban,1
196,69,M,42659,34361,835,D,suburban,1
197,30,F,39976,21007,410,D,urban,1
198,58,F,119239,19241,894,A,rural,1
199,20,M,97643,49858,759,C,suburban,1
200,56,M,82865,28902,377,C,rural,1
201,23,F,83306,29506,733,A,suburban,1
202,25,M,71697,22562,679,B,urban,1
203,44,F,85382,25239,951,C,urban,1
204,26,F,31651,18065,739,A,suburban,1
205,54,M,64044,46291,638,B,urban,1
206,50,F,29633,43805,723,A,suburban,0
207,68,M,94164,38295,468,B,urban,1
208,59,M,15569,23443,561,D,rural,1
209,61,F,74900,14290,878,B,urban,1
210,41,M,82509,5211,528,A,rural,1
211,32,F,116126,23098,460,A,suburban,1
212,49,F,48038,24072,726,C,urban,1
213,49,M,64088,48290,421,B,suburban,1
214,41,M,88177,24650,448,B,rural,1
215,58,M,89466,20115,410,A,suburban,1
216,69,M,87216,10149,956,C,urban,1
217,66,M,81793,46992,520,D,rural,1
218,66,M,88786,22716,363,D,urban,1
219,69,M,53138,37188,937,B,urban,1
220,29,F,78310,18621,653,C,suburban,1
221,56,F,43757,11820,773,A,urban,1
222,19,F,85394,47800,784,C,suburban,1
223,20,M,94027,35399,312,A,suburban,1
224,66,M,105830,19002,452,C,suburban,1
225,54,F,71151,48098,538,B,urban,1
226,66,M,64272,33750,489,D,suburban,1
227,34,M,21908,31074,962,C,suburban,1
228,66,F,25844,22310,385,B,suburban,1
229,19,F,66455,22006,320,D,rural,1
230,19,F,118165,14671,993,A,urban,1
231,45,M,83447,49345,618,D,suburban,1
232,40,F,89527,32894,457,C,suburban,1
233,54,F,92108,31193,780,D,suburban,1
234,49,F,58066,15222,375,A,suburban,1
235,50,F,110229,28786,628,A,urban,1
236,18,F,55004,36509,715,C,urban,1
237,36,F,53333,5386,502,D,suburban,1
238,19,M,98029,6634,528,A,urban,1
239,61,F,54697,45878,451,A,urban,1
240,43,F,32634,9133,371,A,suburban,1
241,49,F,39561,47144,524,D,rural,1
242,23,M,33033,43349,772,C,urban,1
243,49,M,87887,39735,942,B,rural,1
244,21,F,70063,26952,659,A,urban,1
245,28,F,40921,29816,839,B,suburban,1
246,34,F,34340,26529,908,A,suburban,1
247,55,F,77781,10767,345,C,urban,1
248,41,F,29901,46521,300,B,rural,1
249,22,F,25638,23383,977,C,urban,1
250,69,F,53596,9901,544,D,urban,1
251,51,F,101914,47889,518,B,suburban,1
252,23,F,59324,19633,913,B,suburban,1
253,39,M,103356,24163,590,C,rural,1
254,28,M,105596,15707,757,A,urban,1
255,65,F,47642,27576,503,D,urban,1
256,33,M,40378,23061,501,A,urban,1
257,50,M,65867,49706,865,D,suburban,1
258,26,M,88686,16548,781,A,suburban,1
259,23,M,57875,20115,810,A,rural,1
260,33,M,104595,14843,577,B,suburban,1
261,46,M,115061,41945,315,D,rural,1
262,20,F,98729,44979,824,D,rural,1
263,37,F,79377,45641,655,A,urban,1
264,53,M,69691,8841,655,A,urban,1
265,36,M,108337,11416,898,B,urban,1
266,43,F,79303,15633,377,B,urban,1
267,20,M,75839,42653,366,C,suburban,1
268,36,F,64063,5594,513,B,urban,1
269,37,F,106782,19393,996,C,urban,1
270,49,F,93343,40380,748,C,urban,1
271,24,M,98071,27743,732,B,urban,1
272,69,F,20492,36971,844,D,urban,1
273,58,M,46357,9861,414,A,urban,1
274,50,F,86838,42534,719,A,urban,1
275,57,F,47314,41126,798,C,urban,1
276,56,M,63697,19846,679,A,rural,1
277,35,M,85283,31177,442,A,urban,1
278,57,M,74567,38682,931,D,rural,1
279,18,F,62006,23228,323,C,suburban,1
280,28,M,75011,39763,838,B,urban,1
281,45,F,25686,29009,374,C,suburban,0
282,42,M,52449,5094,834,B,urban,1
283,67,F,76606,46452,972,D,urban,1
284,40,F,33891,20100,340,A,suburban,1
285,48,F,67115,37917,867,C,rural,1
286,47,F,116732,22430,712,C,rural,1
287,59,M,75719,40571,714,B,suburban,1
288,52,M,110464,29974,748,C,urban,1
289,24,F,88030,36129,909,D,urban,1
290,33,M,51723,25860,957,C,suburban,1
291,43,M,44877,12276,735,B,rural,1
292,65,M,108517,5551,851,B,urban,1
293,69,M,29026,13486,538,D,rural,1
294,66,M,35422,22527,341,B,urban,1
295,19,F,24244,14745,309,C,suburban,1
296,18,M,48481,46128,564,B,rural,1
297,65,F,104180,17997,880,A,rural,1
298,29,M,73031,23330,744,A,suburban,1
299,22,F,23521,45078,438,D,urban,1
300,54,M,16746,43585,495,C,urban,1
301,49,F,98127,29829,373,A,urban,1
302,26,F,107254,48336,914,D,suburban,1
303,58,M,83232,13070,524,B,suburban,1
304,52,F,27012,6320,934,C,suburban,1
305,36,F,95224,28507,401,A,urban,1
306,65,F,38457,43921,563,D,urban,0
307,33,F,85572,11589,460,B,suburban,1
308,20,M,44960,32459,532,C,rural,1
309,37,F,117022,20589,790,A,urban,1
310,41,M,102695,41375,610,B,rural,1
311,50,M,22910,48085,950,A,urban,1
312,41,F,17693,48200,526,D,suburban,0
313,69,M,30858,38168,572,A,rural,1
314,28,F,43810,31732,616,C,urban,1
315,66,F,35092,36511,385,A,urban,1
316,25,F,103779,27426,590,A,urban,1
317,53,F,63700,35982,768,B,urban,1
318,55,M,73105,21746,877,C,suburban,1
319,57,M,45505,33514,946,C,urban,1
320,37,M,88228,8851,703,D,urban,1
321,52,M,43555,24796,726,D,suburban,1
322,65,M,86934,15498,674,A,suburban,1
323,42,M,87788,37852,866,D,urban,1
324,52,F,92257,39592,551,B,suburban,1
325,42,F,32939,49845,832,D,suburban,1
326,46,M,26825,20930,606,A,urban,1
327,35,F,105787,47881,729,D,suburban,1
328,63,M,117491,46590,974,A,rural,1
329,35,M,39151,26159,563,B,urban,1
330,19,F,15036,34536,367,A,suburban,1
331,52,F,108948,29252,406,A,rural,1
332,33,F,98707,29003,699,B,rural,1
333,58,M,54051,45186,878,D,suburban,1
334,53,F,113297,40139,498,C,suburban,1
335,50,F,95738,44836,491,A,suburban,1
336,21,F,88596,27205,813,A,suburban,1
337,50,F,75071,35523,741,B,urban,1
338,31,F,88601,49627,300,D,urban,1
339,38,F,44873,12464,657,A,urban,1
340,65,F,51648,22110,414,B,urban,0
341,37,F,86468,12121,899,A,urban,1
342,25,F,41470,14840,496,B,urban,1
343,24,M,80129,42080,903,A,rural,1
344,20,F,23328,45768,573,A,rural,1
345,34,M,21333,14461,459,A,suburban,1
346,50,M,61638,25927,472,A,rural,1
347,65,F,26268,29398,844,A,rural,1
348,29,F,85603,38086,757,C,rural,1
349,68,F,32045,20329,884,A,urban,1
350,39,M,55741,20791,732,A,urban,1
351,39,F,103306,19372,780,A,suburban,1
352,63,M,57770,32354,754,D,urban,1
353,47,F,22887,49018,495,C,rural,1
354,55,F,113718,26537,898,C,urban,1
355,55,F,112906,39370,608,B,urban,1
356,62,F,39918,30405,855,A,urban,1
357,68,F,50497,46815,793,A,suburban,1
358,25,F,108562,28703,738,B,suburban,1
359,44,M,76009,20234,949,B,suburban,1
360,44,M,26929,12532,658,D,urban,1
361,51,F,117201,45134,335,D,suburban,1
362,38,F,76762,40416,333,B,suburban,1
363,47,M,115473,11903,387,B,suburban,1
364,50,F,94099,23242,957,A,urban,1
365,45,M,43546,18788,315,A,urban,1
366,64,F,93424,40249,720,D,urban,1
367,50,F,52338,39588,852,A,suburban,1
368,22,F,49283,34513,425,D,urban,1
369,65,F,97494,48039,307,B,urban,1
370,36,M,93170,24542,771,B,urban,1
371,21,M,99787,37294,767,A,suburban,1
372,52,F,61566,8684,809,C,suburban,1
373,66,F,100464,28795,701,B,suburban,1
374,34,M,117781,8651,475,B,suburban,1
375,61,F,96991,15431,666,A,urban,1
376,45,M,107680,15131,787,A,urban,1
377,47,F,43013,29091,317,B,urban,1
378,46,F,67132,29845,355,B,urban,1
379,63,M,102412,29491,334,C,rural,1
380,23,M,107498,9830,929,C,suburban,1
381,52,F,43084,33640,872,B,suburban,1
382,58,F,36143,12334,899,C,urban,1
383,54,F,106627,14304,646,A,urban,1
384,41,F,29179,22032,331,C,urban,1
385,46,F,113343,30755,432,A,suburban,1
386,66,F,73726,5016,875,A,urban,1
387,63,F,25222,13308,498,A,urban,0
388,48,M,74965,34654,555,C,suburban,1
389,52,M,79068,44244,641,A,rural,1
390,50,M,38949,10942,966,A,urban,1
391,69,F,31116,7693,530,B,urban,1
392,38,M,66052,20562,600,A,urban,1
393,49,F,66369,11259,846,C,suburban,1
394,40,F,63817,47236,325,B,urban,1
395,50,F,118100,9942,834,D,suburban,1
396,20,M,117910,41556,952,A,suburban,1
397,35,M,98203,5371,773,A,urban,1
398,42,M,89311,32383,686,C,urban,1
399,59,M,44655,28404,584,C,urban,1
400,48,M,72802,12120,749,A,urban,1
401,20,F,62632,10702,619,B,urban,1
402,57,F,29193,13347,455,C,suburban,1
403,63,F,95212,40429,770,A,suburban,1
404,41,F,45776,44419,719,C,urban,1
405,67,M,58225,30040,412,A,suburban,1
406,49,F,75010,42646,950,D,urban,1
407,64,F,97735,42083,721,B,suburban,1
408,39,M,80451,27542,897,A,rural,1
409,40,F,63812,47733,584,B,rural,1
410,19,M,95602,13308,871,D,urban,1
411,44,F,33895,44242,353,C,suburban,1
412,59,F,80782,39142,904,B,suburban,1
413,19,M,36209,49163,624,B,urban,1
414,43,F,119820,35690,757,B,suburban,1
415,34,F,97336,12393,564,A,rural,1
416,57,F,76807,9403,681,A,urban,1
417,50,M,38086,8546,512,B,urban,1
418,26,F,100637,41745,632,B,suburban,1
419,60,M,97027,33893,309,A,urban,1
420,65,M,42207,14388,657,C,urban,1
421,56,M,35897,46756,502,B,urban,1
422,46,F,78083,41660,357,B,urban,1
423,59,F,110028,28708,793,A,urban,1
424,43,F,81957,29726,809,C,urban,1
425,52,F,112551,19008,522,C,urban,1
426,67,M,93506,41017,668,C,suburban,1
427,42,M,22283,5111,991,A,urban,1
428,41,M,109024,22545,717,B,urban,1
429,30,M,96481,45168,846,D,urban,1
430,24,M,15255,7379,402,B,urban,0
431,53,M,91555,35237,460,A,urban,1
432,62,M,30487,26810,499,C,urban,1
433,37,M,34346,46120,459,A,suburban,1
434,18,M,50050,22809,994,A,urban,1
435,25,M,23744,13469,435,A,urban,1
436,63,F,39756,32967,697,A,suburban,1
437,33,F,76596,14748,691,B,urban,1
438,31,F,98397,28424,405,A,suburban,1
439,29,M,40146,25976,882,D,rural,1
440,68,M,70032,28914,888,B,urban,1
441,40,F,57687,35067,353,B,rural,1
442,32,M,61103,47875,576,B,rural,1
443,45,M,36976,17942,410,C,urban,1
444,51,M,77863,24491,523,B,rural,1
445,19,M,15591,9533,374,C,suburban,0
446,49,M,21277,28583,805,D,rural,1
447,40,M,76860,42049,313,C,suburban,1
448,39,F,17260,32821,781,B,suburban,1
449,68,M,80883,35261,488,C,urban,1
450,42,M,39741,42536,663,B,urban,1
451,39,F,52211,34945,538,A,urban,1
452,39,M,56542,22384,700,A,urban,1
453,66,M,21869,33410,603,D,rural,1
454,69,F,108618,17198,390,A,urban,1
455,59,M,102616,34354,691,D,suburban,1
456,23,M,79732,12169,483,A,urban,1
457,32,M,109515,45129,316,B,urban,1
458,60,M,34422,36909,311,C,suburban,0
459,54,F,50613,8830,465,A,urban,1
460,50,F,72016,26404,445,C,rural,1
461,25,M,75110,32757,581,C,urban,1
462,61,F,103529,40650,848,B,urban,1
463,61,F,92922,38766,881,B,urban,1
464,22,M,49033,20942,468,A,urban,1
465,56,F,60213,37419,469,B,urban,1
466,21,M,76993,21668,645,A,urban,1
467,23,M,27938,21246,798,B,suburban,1
468,62,M,91695,29996,759,D,urban,1
469,49,M,17274,8065,596,B,urban,1
470,69,M,99390,15467,441,C,rural,1
471,47,F,46815,49844,994,B,urban,1
472,64,M,91018,26007,352,A,urban,1
473,52,M,33961,7543,417,B,suburban,1
474,57,M,35044,33702,664,C,suburban,1
475,69,F,114372,33833,970,A,suburban,1
476,33,F,36975,15033,435,D,rural,1
477,30,F,29706,39169,713,B,urban,1
478,67,F,20974,21829,376,A,urban,1
479,59,F,91464,9522,856,B,urban,1
480,47,M,36213,25151,317,B,rural,1
481,36,F,16950,40319,702,A,urban,1
482,34,F,100013,31543,504,C,suburban,1
483,36,F,25411,42584,798,D,suburban,1
484,45,F,102231,35473,623,C,urban,1
485,43,M,61156,12699,894,D,urban,1
486,54,M,77744,7629,861,D,urban,1
487,43,M,32771,45455,580,D,urban,1
488,40,F,84810,15156,465,A,urban,1
489,26,M,50053,22441,542,B,urban,1
490,29,M,67076,35716,778,A,suburban,1
491,18,F,22045,11834,463,B,rural,1
492,18,M,72623,23179,623,D,suburban,1
493,64,F,44714,31219,867,A,suburban,1
494,51,M,49386,42617,850,C,urban,1
495,49,M,23562,20782,939,C,urban,1
496,65,M,70048,20827,933,A,urban,1
497,42,F,108295,14431,997,A,urban,1
498,57,M,27026,41918,507,B,suburban,1
499,62,M,46589,49057,614,A,rural,1
500,18,F,112274,14496,603,B,urban,1
501,33,M,41844,28331,538,B,urban,1
502,56,F,38447,44238,523,B,urban,1
503,22,F,105415,28563,387,A,urban,1
504,39,M,92502,8712,836,B,suburban,1
505,46,F,98268,33531,728,A,suburban,1
506,20,M,69708,37664,519,D,suburban,1
507,29,F,78925,17420,574,B,suburban,1
508,43,M,85825,10315,946,D,urban,1
509,33,F,66574,10381,365,C,rural,1
510,68,M,100548,14497,891,C,suburban,1
511,54,F,33812,34040,722,B,urban,1
512,39,M,116337,37375,554,A,urban,1
513,46,M,70309,18494,424,B,rural,1
514,31,M,79230,36752,445,A,urban,1
515,45,M,56628,30357,914,D,suburban,1
516,22,F,55581,21950,684,B,urban,1
517,64,M,61628,20752,746,D,rural,1
518,66,F,103628,42390,686,C,suburban,1
519,47,F,40105,9132,682,A,suburban,1
520,63,F,94830,46598,576,C,rural,1
521,69,M,84157,33276,681,A,rural,1
522,22,M,47442,44763,423,A,rural,1
523,29,F,102235,25551,566,A,urban,1
524,33,M,17347,31975,410,D,urban,1
525,43,M,110022,7670,680,B,urban,1
526,43,F,62650,14364,900,C,urban,1
527,65,F,32110,31296,457,A,rural,1
528,38,F,77170,29680,847,B,rural,1
529,56,M,19923,23066,898,B,urban,1
530,53,F,66801,33892,417,B,urban,1
531,50,M,77771,15041,627,A,urban,1
532,47,M,96147,14054,993,B,urban,1
533,54,F,63135,16637,367,C,urban,1
534,40,M,34199,15757,733,A,suburban,1
535,27,M,24066,46258,658,D,suburban,1
536,22,M,116583,32484,970,A,rural,1
537,53,F,67136,17329,742,B,urban,1
538,51,F,107290,38538,463,A,urban,1
539,69,F,51575,32115,660,A,rural,1
540,48,F,104796,31038,884,D,urban,1
541,27,M,61733,41622,418,D,urban,1
542,36,M,31991,40886,494,C,urban,1
543,49,M,37553,14901,900,D,rural,1
544,18,M,104710,22374,887,D,suburban,1
545,22,M,102493,37806,950,C,rural,1
546,62,F,15634,22659,540,D,urban,0
547,21,M,110417,28453,808,B,suburban,1
548,33,M,27771,35498,965,B,suburban,1
549,41,M,33298,9857,864,C,urban,1
550,33,M,94876,21312,441,A,rural,1
551,19,F,113892,6436,330,D,suburban,1
552,66,M,50999,32569,522,A,rural,1
553,45,M,86887,29949,565,D,rural,1
554,49,F,74648,12693,581,B,urban,1
555,44,M,77668,42019,680,B,suburban,1
556,37,M,84374,14305,855,A,urban,1
557,41,M,82509,37646,361,D,suburban,1
558,29,F,118348,32302,820,A,suburban,1
559,67,F,90783,15590,370,C,suburban,1
560,52,F,59440,45430,901,C,urban,1
561,50,M,46655,8123,835,A,suburban,1
562,50,F,58039,9158,439,D,urban,1
563,68,M,70255,13700,615,A,urban,1
564,60,M,87219,15531,639,C,rural,1
565,54,M,69989,32738,889,B,urban,1
566,29,M,26244,14879,827,A,urban,1
567,20,F,109594,10543,840,A,urban,1
568,18,F,73595,47348,715,C,urban,1
569,50,F,54551,23581,766,D,urban,1
570,57,F,78230,41679,674,A,suburban,1
571,27,F,118898,18582,590,A,suburban,1
572,60,M,43371,48888,342,D,urban,1
573,61,M,84358,35276,352,A,urban,1
574,46,F,43878,43003,531,B,urban,1
575,30,M,51157,9799,511,B,suburban,1
576,29,F,20914,30091,307,A,urban,0
577,48,M,98700,33234,933,C,urban,1
578,63,M,42180,29605,782,D,urban,1
579,19,M,18688,41534,341,B,urban,1
580,68,M,95219,36668,632,C,suburban,1
581,67,M,93616,9111,532,C,urban,1
582,52,F,111489,29686,369,B,urban,1
583,40,M,24916,12015,315,A,urban,1
584,34,F,71363,11856,368,C,rural,1
585,43,M,110213,21490,352,B,suburban,1
586,25,M,42360,40194,984,A,urban,1
587,46,M,52805,19497,678,D,urban,1
588,43,F,28453,28194,762,C,rural,0
589,27,M,37703,49104,826,D,urban,1
590,43,F,74021,10316,978,A,rural,1
591,51,M,89176,43130,362,D,urban,1
592,68,F,109799,9693,560,C,urban,1
593,58,M,113385,46758,799,D,suburban,1
594,24,F,119582,34954,420,D,suburban,1
595,21,F,96614,26652,539,D,rural,1
596,67,F,103919,19178,764,D,rural,1
597,62,M,96072,48397,406,A,urban,1
598,28,M,22410,19751,479,C,suburban,1
599,46,M,96462,5425,315,A,rural,1
600,53,F,63268,8044,654,C,suburban,1
601,42,F,49248,16480,608,D,urban,1
602,38,F,46159,48874,888,A,urban,1
603,53,M,57039,43997,904,B,urban,1
604,27,M,116902,6239,480,C,rural,1
605,54,M,62800,11566,473,A,urban,1
606,26,F,55761,24775,653,A,urban,1
607,41,F,109626,41981,653,A,rural,1
608,52,F,101103,8006,518,A,urban,1
609,66,M,58663,12025,954,C,suburban,1
610,52,F,95903,24423,614,B,rural,1
611,65,F,55412,44326,733,A,urban,1
612,53,M,50367,30174,581,D,urban,1
613,35,F,20813,31663,558,C,urban,1
614,66,F,74894,38952,858,B,suburban,1
615,56,F,117157,32326,304,A,suburban,1
616,49,F,66444,36139,873,C,urban,1
617,41,M,49269,13102,895,B,urban,1
618,40,M,76748,12116,944,C,suburban,1
619,49,F,56190,17937,693,C,urban,1
620,54,M,55318,35161,635,A,suburban,1
621,29,F,52018,9383,362,D,suburban,1
622,66,F,54759,25320,343,B,suburban,1
623,30,F,31498,9507,452,B,rural,1
624,40,F,40989,19735,982,D,urban,1
625,42,M,117710,34713,455,B,urban,1
626,52,M,40568,21519,777,C,suburban,1
627,58,M,81577,7025,574,C,urban,1
628,47,M,45099,24919,657,A,suburban,1
629,34,M,104900,42622,725,D,rural,1
630,66,M,55639,43135,831,B,rural,1
631,37,F,119679,40658,782,B,suburban,1
632,65,F,38482,24141,513,D,rural,1
633,42,M,84212,34696,378,B,urban,1
634,39,M,70261,8773,438,C,urban,1
635,30,F,102317,29956,397,D,urban,1
636,36,M,45048,20819,963,A,urban,1
637,66,M,18065,6528,497,A,urban,1
638,53,M,17036,25955,455,A,rural,1
639,29,F,50814,49588,349,D,suburban,1
640,58,M,74694,10049,778,A,suburban,1
641,36,F,31924,38616,527,B,urban,0
642,29,M,75204,25511,756,A,urban,1
643,26,F,47844,15119,821,B,rural,1
644,24,M,96943,15357,448,C,suburban,1
645,45,M,36518,21167,357,D,suburban,1
646,31,F,32059,27253,461,B,rural,1
647,48,F,38052,39889,776,B,suburban,1
648,69,F,84803,34798,406,C,suburban,1
649,36,F,86524,9681,726,B,urban,1
650,64,F,108510,19755,694,D,urban,1
651,33,F,104572,5472,485,B,suburban,1
652,22,F,23680,37881,857,B,urban,1
653,52,M,82021,18690,745,D,suburban,1
654,29,M,95249,30912,940,B,urban,1
655,42,M,35043,11473,747,A,urban,1
656,69,F,17419,46298,386,A,urban,1
657,38,M,71892,23669,548,D,urban,1
658,53,M,116799,38964,739,C,rural,1
659,40,F,32140,21462,556,B,urban,1
660,33,F,58484,25943,576,D,suburban,1
661,56,F,78869,43785,737,B,urban,1
662,62,M,60210,40420,815,B,urban,1
663,59,F,72600,15832,876,C,urban,1
664,56,M,93497,10385,501,C,rural,1
665,31,M,21487,35362,874,B,urban,1
666,48,M,75692,19708,954,A,rural,1
667,22,M,77112,28438,479,A,urban,1
668,52,M,46110,22211,985,C,urban,1
669,40,F,31360,19571,624,D,suburban,1
670,46,M,64410,26307,922,C,suburban,1
671,60,F,117379,16002,986,D,suburban,1
672,28,F,105418,41153,774,C,urban,1
673,35,M,98038,27440,964,D,urban,1
674,64,M,88167,6965,699,A,urban,1
675,29,M,18017,37556,516,B,rural,1
676,26,F,101261,7427,752,B,urban,1
677,27,M,75124,40609,703,A,rural,1
678,61,M,105298,30189,539,C,urban,1
679,34,M,65949,30138,485,D,suburban,1
680,55,F,73268,11563,347,B,urban,1
681,24,F,81320,19387,685,D,urban,1
682,63,M,108556,10840,507,B,urban,1
683,30,F,118995,20154,456,B,urban,1
684,57,F,96301,29194,524,C,rural,1
685,59,F,46127,27448,443,A,suburban,1
686,26,F,18196,35924,718,B,suburban,0
687,67,F,90088,28528,410,B,urban,1
688,44,F,56300,34402,764,D,rural,1
689,19,F,64714,9352,431,C,urban,1
690,22,M,46921,5184,924,B,rural,1
691,46,M,19746,15384,900,A,urban,1
692,54,M,83535,19319,972,D,urban,1
693,55,F,80350,25449,633,B,rural,1
694,36,F,65345,46205,374,D,urban,1
695,25,M,64220,15426,711,B,rural,1
696,65,F,96131,12504,818,C,urban,1
697,62,M,37063,38368,924,C,suburban,1
698,18,M,86736,45572,335,B,rural,1
699,39,F,118700,43305,924,C,suburban,1
700,69,M,103913,37094,522,B,suburban,1
701,34,M,93946,19685,829,C,urban,1
702,24,F,60971,13724,540,D,urban,1
703,42,F,18598,10084,433,A,urban,1
704,62,M,25564,39810,690,C,urban,1
705,21,F,111434,21741,401,A,rural,1
706,53,F,64725,21761,951,A,urban,1
707,23,M,101134,18336,980,C,suburban,1
708,48,M,74940,25872,797,A,rural,1
709,36,F,77085,18414,810,B,urban,1
710,61,M,32862,9797,836,A,rural,1
711,56,F,25265,8307,844,B,rural,1
712,44,F,24705,37568,642,A,urban,1
713,27,F,70279,7596,305,A,urban,1
714,43,M,77471,22167,493,D,urban,1
715,36,F,106080,27308,436,C,suburban,1
716,56,M,94834,29215,772,D,urban,1
717,20,M,77979,16795,515,A,suburban,1
718,62,M,70828,19984,648,C,urban,1
719,30,M,113206,17134,482,C,rural,1
720,67,F,61104,15782,467,A,rural,1
721,45,M,55934,47002,337,C,rural,1
722,37,M,21050,26651,974,C,urban,1
723,45,F,58952,29022,770,B,urban,1
724,25,M,101570,23922,751,C,urban,1
725,58,F,23484,19618,789,B,urban,1
726,56,M,77648,22245,441,B,urban,1
727,18,F,74945,23260,402,B,rural,1
728,20,F,68678,15027,341,D,rural,1
729,30,M,46323,18986,446,B,urban,1
730,45,M,101332,8526,365,B,suburban,1
731,66,M,109605,31261,492,C,urban,1
732,42,F,102363,49361,597,C,urban,1
733,50,M,50361,6622,337,C,rural,1
734,55,M,25315,43286,801,A,rural,1
735,23,M,62968,34533,952,C,urban,1
736,61,M,41519,40425,917,B,rural,1
737,62,M,24107,23316,727,B,rural,1
738,49,F,70781,13699,963,B,urban,1
739,62,M,18869,18955,651,C,urban,1
740,64,M,95983,36543,625,D,suburban,1
741,38,F,42370,40424,337,C,rural,1
742,33,F,77695,21673,396,B,urban,1
743,38,M,75422,28395,407,B,urban,1
744,28,M,22971,43626,930,A,suburban,1
745,54,M,111805,28707,450,D,suburban,1
746,53,F,40651,24213,373,B,suburban,1
747,52,M,71974,15401,356,B,urban,1
748,36,F,116293,26196,634,C,rural,1
749,37,F,38446,30976,551,A,suburban,1
750,35,F,53108,13758,553,D,rural,1
751,64,M,90179,6473,684,C,rural,1
752,58,M,18823,18281,755,C,rural,1
753,66,M,28454,37548,558,A,rural,1
754,31,M,18932,23371,764,B,rural,1
755,32,F,25220,33363,333,A,suburban,1
756,48,F,89090,17057,794,B,suburban,1
757,18,F,82965,45441,625,C,suburban,1
758,20,F,43208,24644,537,A,suburban,1
759,33,M,87980,33123,990,C,urban,1
760,40,M,25510,28874,915,B,urban,1
761,28,M,59045,28123,840,D,urban,1
762,29,F,25537,19281,765,B,urban,1
763,27,F,87683,8251,603,B,urban,1
764,49,F,84134,27289,416,B,rural,1
765,33,M,117633,10054,506,D,urban,1
766,25,M,87254,39484,996,B,urban,1
767,55,F,28782,46972,780,B,suburban,1
768,29,M,80587,6310,949,A,urban,1
769,41,F,97238,34146,702,B,rural,1
770,45,F,90720,34312,975,D,urban,1
771,25,F,93004,35981,886,C,urban,1
772,45,M,37072,9257,532,A,rural,1
773,53,M,96015,20846,583,B,suburban,1
774,43,M,109003,27483,779,A,rural,1
775,25,M,103938,31558,308,D,urban,1
776,67,M,87746,48188,678,B,urban,1
777,45,F,60702,18012,902,C,suburban,1
778,45,F,117260,38236,680,C,urban,1
779,54,M,21057,43673,961,D,urban,1
780,58,M,45916,33931,659,D,urban,1
781,53,M,42268,37076,475,A,rural,1
782,44,M,58978,19801,784,D,suburban,1
783,34,F,38259,14628,704,D,urban,1
784,26,M,68583,13728,332,B,urban,1
785,50,M,94400,22335,764,D,rural,1
786,37,M,49293,48773,995,C,urban,1
787,30,F,22043,33570,456,C,suburban,1
788,45,F,65430,27459,864,A,suburban,1
789,65,M,53893,45658,501,C,suburban,1
790,46,F,55642,12077,474,A,urban,1
791,30,F,93065,6971,543,D,rural,1
792,63,F,45868,38959,568,D,urban,1
793,52,M,41309,45533,745,C,urban,1
794,23,F,38284,48022,373,B,urban,1
795,35,F,115804,8046,395,C,urban,1
796,68,F,84000,49518,472,B,urban,1
797,22,F,99179,17703,705,C,rural,1
798,64,F,77107,13043,454,C,urban,1
799,42,M,80049,42676,482,A,rural,1
800,19,F,44265,48395,622,A,urban,1
801,27,F,96490,7804,588,C,urban,1
802,47,F,38880,15176,557,B,urban,1
803,67,M,99579,8936,886,D,suburban,1
804,62,F,15255,36174,473,B,suburban,1
805,22,F,16502,22096,629,A,rural,0
806,50,M,85192,28232,530,C,suburban,1
807,18,F,80424,47641,460,C,urban,1
808,35,F,90838,30909,485,B,urban,1
809,49,F,85966,49158,442,C,rural,1
810,64,M,56366,13366,581,B,rural,1
811,66,M,42425,24589,939,C,urban,1
812,28,F,67328,11506,977,A,urban,1
813,38,M,82396,33842,326,B,suburban,1
814,43,F,86694,22458,545,A,suburban,1
815,42,M,20806,26831,786,A,suburban,1
816,39,F,101274,13783,946,A,urban,1
817,44,M,32106,16170,501,A,rural,1
818,66,F,71731,19609,320,D,urban,1
819,30,M,90010,45090,890,A,urban,1
820,50,M,97533,49942,969,A,urban,1
821,51,M,47599,28035,393,D,urban,1
822,58,M,86326,21208,307,B,rural,1
823,52,F,90706,40178,771,B,suburban,1
824,18,F,24004,18636,638,B,rural,1
825,38,M,66364,14039,558,B,urban,1
826,65,F,40792,19990,354,B,rural,1
827,23,M,110752,11441,847,A,suburban,1
828,45,F,79912,13685,305,D,urban,1
829,34,F,69645,18778,676,A,rural,1
830,22,F,22232,31862,853,A,urban,1
831,48,M,93210,32273,349,B,urban,1
832,22,F,69766,33413,411,B,urban,1
833,55,M,96588,47500,445,B,urban,1
834,20,F,63542,8956,529,D,urban,1
835,40,M,20913,11553,796,D,suburban,1
836,54,F,108449,28253,605,C,urban,1
837,54,F,25567,28915,841,A,urban,1
838,27,F,53379,7365,760,D,suburban,1
839,27,M,89968,11668,927,B,urban,1
840,36,F,15319,10000,525,A,suburban,0
841,34,M,105005,8675,358,B,rural,1
842,38,F,107026,17907,375,C,urban,1
843,31,M,101120,22336,727,A,suburban,1
844,26,M,19791,24684,431,C,urban,1
845,63,F,112272,33311,797,D,suburban,1
846,18,M,15329,20136,892,A,urban,1
847,68,M,89387,48923,604,C,urban,1
848,62,M,76032,17219,366,B,urban,1
849,30,M,59078,8247,529,B,suburban,1
850,21,F,103662,9415,632,A,urban,1
851,18,F,36300,11472,576,C,urban,1
852,66,M,90700,27380,883,B,rural,1
853,57,M,65945,42616,443,D,urban,1
854,49,M,70609,32280,550,D,suburban,1
855,51,M,75562,26859,990,D,urban,1
856,45,F,105045,38805,379,A,rural,1
857,48,F,76901,13262,356,A,urban,1
858,25,M,20703,16066,665,B,urban,1
859,56,M,107645,20554,607,C,suburban,1
860,43,M,78115,12008,473,D,rural,1
861,51,F,103090,27315,761,C,rural,1
862,20,F,42676,20263,977,B,urban,1
863,67,M,76710,21238,895,A,rural,1
864,29,M,75077,43410,792,D,suburban,1
865,18,F,104340,21489,859,A,rural,1
866,61,F,60440,22153,938,A,rural,1
867,22,M,51923,48152,980,D,suburban,1
868,47,M,44802,29283,673,B,suburban,1
869,47,M,105331,16687,648,A,suburban,1
870,34,F,77904,27998,366,B,suburban,1
871,65,M,75162,33887,629,A,urban,1
872,64,M,80169,9355,493,C,urban,1
873,40,F,83147,38701,454,A,urban,1
874,32,M,37075,46534,459,D,rural,0
875,54,F,97015,10906,995,B,urban,1
876,38,M,89716,17572,565,B,urban,1
877,31,M,24304,17279,467,A,urban,1
878,19,F,74622,48491,444,A,suburban,1
879,28,M,69215,15611,485,C,rural,1
880,68,F,95146,13261,722,C,suburban,1
881,56,F,88973,9474,756,A,urban,1
882,55,M,27521,30878,644,B,rural,1
883,51,F,39028,33390,853,D,urban,1
884,55,M,54328,31925,815,B,rural,1
885,67,F,42301,21638,403,A,urban,1
886,51,M,53015,28471,546,B,suburban,1
887,35,F,102276,9787,322,C,urban,1
888,47,M,51845,12862,824,A,rural,1
889,32,M,101818,48724,443,B,urban,1
890,44,F,91394,15663,994,C,urban,1
891,68,F,59159,21120,492,D,rural,1
892,51,M,58714,27740,764,B,urban,1
893,69,M,95722,41510,674,A,suburban,1
894,55,F,114721,7035,976,B,suburban,1
895,50,F,111730,39735,991,A,suburban,1
896,41,M,40230,6852,928,A,urban,1
897,32,M,107554,48315,565,B,rural,1
898,47,M,64262,44386,677,D,rural,1
899,59,F,105201,13303,849,D,urban,1
900,68,M,56722,49118,855,A,urban,1
901,34,M,61359,5164,373,C,urban,1
902,22,F,77796,44726,737,A,urban,1
903,46,M,55159,39905,525,A,suburban,1
904,21,M,102052,15215,607,D,rural,1
905,27,M,115808,35694,647,D,suburban,1
906,34,M,105209,36253,775,A,suburban,1
907,27,M,20239,29230,614,A,urban,0
908,34,F,106951,21925,824,A,urban,1
909,37,M,65886,11033,724,B,suburban,1
910,41,F,118424,7665,823,D,suburban,1
911,22,F,42195,32025,861,A,suburban,1
912,51,F,119697,28533,548,B,urban,1
913,23,M,109859,17125,930,A,suburban,1
914,19,M,115500,25998,868,A,urban,1
915,30,M,116770,43957,481,C,urban,1
916,60,M,111299,28057,405,D,suburban,1
917,60,M,49674,18708,490,A,urban,1
918,65,F,33105,23072,436,A,rural,1
919,28,M,44739,10095,999,A,urban,1
920,68,M,46969,36495,419,B,suburban,1
921,64,M,29497,45351,371,A,rural,1
922,40,F,16816,6637,430,B,urban,1
923,33,M,107019,19670,756,B,rural,1
924,48,F,74254,43734,778,A,suburban,1
925,28,M,102695,42438,351,C,rural,1
926,33,F,84385,33658,873,A,urban,1
927,25,F,102148,10203,418,C,urban,1
928,21,M,48826,26518,563,B,urban,1
929,57,M,78365,13669,538,D,suburban,1
930,21,M,99242,7366,650,A,urban,1
931,42,M,65100,23910,554,C,urban,1
932,20,F,105099,36087,984,A,urban,1
933,49,F,19359,5366,608,D,urban,1
934,20,F,111205,14907,906,C,suburban,1
935,44,F,27809,44374,794,B,urban,1
936,46,M,79450,35289,356,B,urban,1
937,49,M,53428,37780,702,D,urban,1
938,67,F,109990,24623,366,D,suburban,1
939,68,M,87790,40085,345,D,rural,1
940,36,F,105321,25426,905,D,suburban,1
941,38,M,17093,12485,949,D,urban,1
942,22,M,59498,38024,668,B,urban,1
943,35,F,55985,30469,904,A,urban,1
944,45,M,47009,20903,531,A,suburban,1
945,59,F,97094,8212,701,C,urban,1
946,39,F,32718,43943,860,B,rural,1
947,38,F,31705,32799,322,B,rural,1
948,23,F,102618,21087,873,A,urban,1
949,18,F,77598,12446,566,C,urban,1
950,22,F,92878,34281,417,A,urban,1
951,58,M,27239,19877,899,B,urban,1
952,29,M,61622,29723,900,B,suburban,1
953,43,F,61665,17943,354,A,suburban,0
954,63,M,47274,15306,452,D,urban,1
955,51,M,26419,41784,538,B,rural,1
956,66,M,30003,25455,564,D,suburban,1
957,31,F,45866,29491,567,A,rural,1
958,43,F,36988,10912,412,A,suburban,1
959,62,M,70894,34974,465,A,suburban,1
960,44,F,105444,32371,967,A,urban,1
961,26,F,20674,38210,307,A,suburban,0
962,43,F,85538,40712,516,A,urban,1
963,64,F,108103,8936,730,D,suburban,1
964,39,F,81446,38166,591,D,urban,1
965,64,M,44072,30727,349,D,urban,1
966,47,F,48717,33368,406,D,urban,1
967,60,M,102345,7995,308,B,urban,1
968,65,F,41651,44097,999,B,urban,1
969,34,F,59291,39984,755,A,rural,1
970,43,M,78350,49291,622,A,urban,1
971,53,M,97020,31563,608,C,suburban,1
972,18,F,19646,27150,921,D,urban,1
973,25,M,54713,27061,444,C,urban,1
974,66,F,82936,34178,711,D,urban,1
975,52,M,59331,40336,413,A,urban,1
976,69,M,37185,5160,874,B,urban,1
977,32,F,99263,20648,698,B,urban,1
978,64,F,113656,45835,574,D,urban,1
979,39,F,67107,41672,423,D,rural,1
980,31,M,81554,8573,385,B,urban,1
981,43,F,32563,39593,881,A,rural,1
982,45,F,85729,18786,346,A,rural,1
983,40,F,30701,33500,500,B,suburban,1
984,31,F,84072,14815,575,D,rural,1
985,41,F,63217,26966,848,A,urban,1
986,19,M,59610,18794,429,A,rural,1
987,62,M,99422,36423,747,B,urban,1
988,43,F,117123,38944,688,D,urban,1
989,31,M,65131,26302,875,B,suburban,1
990,68,F,44410,26264,562,C,rural,1
991,24,M,114280,24604,931,B,rural,1
992,20,F,73715,32835,577,A,urban,1
993,64,F,53665,12820,345,A,urban,1
994,40,M,30957,6499,467,D,suburban,1
995,63,M,63127,28814,744,D,suburban,1
996,60,M,78589,29089,921,B,urban,1
997,64,F,61008,12626,345,B,urban,1
998,62,F,76920,37746,839,D,rural,1
999,35,M,47875,21137,386,C,suburban,1
1000,55,F,16626,26260,684,A,urban,1
1001,52,M,105815,41476,968,B,suburban,1
1002,68,M,78822,31283,564,C,suburban,1
1003,32,F,86765,6769,321,B,rural,1
1004,42,M,87413,47278,749,D,suburban,1
1005,54,M,48642,20634,531,D,urban,1
1006,45,M,53311,44499,485,A,rural,1
1007,27,M,47356,15965,625,C,urban,1
1008,56,M,18809,32566,482,B,rural,1
1009,34,M,58371,38143,696,C,suburban,1
1010,56,F,49875,24420,780,C,rural,1
1011,39,M,24465,30236,702,B,urban,1
1012,43,F,81095,11218,762,D,suburban,1
1013,61,M,88844,13495,716,C,rural,1
1014,42,M,80250,38853,501,D,suburban,1
1015,34,F,101889,18073,364,A,urban,1
1016,30,F,30250,16371,854,B,urban,1
1017,37,M,61023,22594,316,C,suburban,1
1018,42,F,116350,16226,482,D,urban,1
1019,21,F,61624,15046,690,B,suburban,1
1020,27,F,31427,48809,343,A,urban,1
1021,20,F,48276,42117,999,B,rural,1
1022,58,M,86643,9965,781,B,urban,1
1023,62,M,94012,18336,562,D,urban,1
1024,35,F,18439,24843,473,C,urban,0
1025,64,M,100848,22373,740,D,suburban,1
1026,53,F,102331,11654,865,C,suburban,1
1027,64,M,93672,36280,519,A,suburban,1
1028,39,M,94703,45110,857,C,suburban,1
1029,51,F,32300,27407,693,C,urban,0
1030,64,M,75289,7358,494,D,rural,1
1031,25,F,32182,31583,708,A,rural,1
1032,57,F,85507,33706,770,A,urban,1
1033,66,F,65912,11360,646,A,rural,1
1034,61,F,41909,8743,761,B,suburban,1
1035,36,F,34659,12159,360,A,suburban,1
1036,59,F,46403,37151,465,C,suburban,1
1037,58,F,48586,5518,971,D,rural,1
1038,54,M,25360,21652,450,B,rural,1
1039,23,M,36424,17925,410,B,suburban,1
1040,69,M,113035,10475,787,D,urban,1
1041,43,M,63791,41953,848,B,suburban,1
1042,51,F,18065,42929,302,A,urban,1
1043,62,F,83795,47348,782,B,suburban,1
1044,23,F,27300,14886,312,B,rural,1
1045,54,M,48370,16465,461,A,urban,1
1046,50,F,84831,16221,643,C,urban,1
1047,39,M,42209,29395,748,D,suburban,1
1048,38,F,116831,7335,631,C,urban,1
1049,23,F,35927,41442,563,B,urban,1
1050,23,M,49579,9576,382,B,suburban,1
1051,65,M,24032,5500,633,D,rural,1
1052,21,M,108254,31675,679,D,suburban,1
1053,47,F,93413,13083,518,B,urban,1
1054,28,F,55731,46062,957,B,suburban,1
1055,47,F,107202,20720,753,C,urban,1
1056,48,M,68767,10543,972,B,rural,1
1057,41,M,87302,8276,388,A,suburban,1
1058,26,F,64954,35635,632,B,rural,1
1059,20,F,103365,29180,609,B,rural,1
1060,68,M,100757,11613,719,A,urban,1
1061,48,M,40102,49497,908,A,rural,1
1062,57,F,49433,6327,653,A,rural,1
1063,54,M,30932,45540,399,C,suburban,0
1064,53,M,40714,15666,444,C,urban,1
1065,41,M,72803,31255,309,A,suburban,1
1066,48,F,54743,25130,343,D,urban,1
1067,23,F,17552,27068,685,B,suburban,1
1068,19,F,71627,23946,794,A,urban,1
1069,37,F,60987,25547,792,A,suburban,1
1070,45,F,94810,24701,468,C,rural,1
1071,28,M,60380,10769,941,A,urban,1
1072,21,F,44250,29883,830,A,suburban,1
1073,32,M,83344,18663,635,C,urban,1
1074,23,F,79686,43686,812,B,suburban,1
1075,66,M,60028,42323,429,C,suburban,1
1076,47,M,30295,40162,838,C,urban,1
1077,55,M,70248,27852,813,D,suburban,1
1078,68,M,95205,25388,549,A,rural,1
1079,19,M,25523,38434,437,A,urban,1
1080,32,M,60530,27102,574,D,suburban,1
1081,28,F,28769,26536,763,C,suburban,1
1082,25,M,78042,17355,440,C,urban,1
1083,43,F,59645,7234,555,A,rural,1
1084,68,F,105743,44103,755,A,suburban,1
1085,62,F,77142,36147,733,A,urban,1
1086,61,F,115760,28659,906,B,urban,1
1087,22,F,40557,49271,472,A,urban,0
1088,23,M,118727,44127,772,B,suburban,1
1089,43,M,94782,21560,722,B,suburban,1
1090,21,M,93382,28088,738,A,suburban,1
1091,36,F,52085,7928,356,A,suburban,1
1092,37,F,65708,45385,797,B,urban,1
1093,50,M,66357,45382,913,A,suburban,1
1094,37,M,28470,33184,468,A,rural,0
1095,66,F,93712,25099,881,A,rural,1
1096,29,M,94082,9274,860,B,urban,1
1097,64,F,21805,29970,727,C,suburban,1
1098,18,F,97324,30744,718,A,urban,1
1099,43,F,109884,42739,646,C,urban,1
1100,31,F,77028,13389,816,D,suburban,1
1101,55,F,65772,22352,754,C,urban,1
1102,54,M,67104,26148,501,A,urban,1
1103,28,F,88616,36828,478,B,suburban,1
1104,53,F,116422,7504,356,C,rural,1
1105,30,M,104300,43774,997,D,rural,1
1106,60,M,21630,33743,903,D,suburban,1
1107,20,M,113869,33894,800,B,urban,1
1108,50,M,30701,35995,411,C,urban,1
1109,23,F,29859,45711,447,D,suburban,1
1110,67,F,36183,22748,677,D,rural,1
1111,27,M,55438,28100,647,B,rural,1
1112,22,M,112285,38691,657,A,suburban,1
1113,40,F,112423,27981,355,A,urban,1
1114,27,M,57244,37708,615,B,urban,1
1115,61,M,89312,15246,484,C,urban,1
1116,19,F,30021,37486,353,D,rural,1
1117,30,F,84863,35340,336,D,urban,1
1118,57,M,70565,24338,569,A,suburban,1
1119,19,M,63043,8086,807,C,urban,1
1120,37,M,88150,30535,527,A,suburban,1
1121,18,F,79361,19860,727,C,suburban,1
1122,54,F,16245,22013,300,C,suburban,0
1123,26,M,56011,12407,322,A,suburban,1
1124,34,F,25355,38542,802,A,suburban,1
1125,26,F,113841,29935,747,A,urban,1
1126,28,M,63692,46477,795,A,urban,1
1127,32,M,64004,39111,724,D,rural,1
1128,41,F,44714,15161,999,A,urban,1
1129,55,M,32198,28581,317,A,urban,0
1130,52,M,81951,37277,744,A,urban,1
1131,47,F,16652,26400,860,D,urban,1
1132,48,F,58625,16419,858,B,urban,1
1133,66,F,100982,45565,926,A,suburban,1
1134,22,F,33740,24283,338,C,rural,1
1135,61,F,18810,5934,509,B,suburban,0
1136,67,M,31569,39754,510,B,urban,1
1137,31,F,114855,26380,864,C,suburban,1
1138,28,M,94120,19016,580,A,rural,1
1139,26,M,41783,43233,432,D,rural,1
1140,51,F,114065,27695,748,B,urban,1
1141,29,F,93047,29952,563,B,urban,1
1142,52,M,24471,47734,410,A,rural,1
1143,52,F,21163,20721,854,D,suburban,1
1144,18,M,78087,6505,537,B,suburban,1
1145,57,M,77071,10363,756,A,urban,1
1146,39,M,31065,48614,815,A,suburban,1
1147,46,F,98456,6010,472,B,urban,1
1148,25,F,119505,24861,492,C,urban,1
1149,28,M,63348,29125,814,D,urban,1
1150,58,F,34154,14369,867,C,urban,1
1151,54,M,35229,8857,708,B,urban,1
1152,31,F,67587,31671,987,A,urban,1
1153,47,M,64713,14864,927,C,urban,1
1154,52,M,41997,37490,383,D,urban,1
1155,38,F,36101,15120,970,B,urban,1
1156,54,M,55391,25223,379,A,urban,1
1157,22,M,90863,37150,877,A,urban,1
1158,36,F,87723,49138,508,A,urban,1
1159,31,F,110221,7553,821,B,urban,1
1160,43,M,74405,20489,498,D,urban,1
1161,21,M,49948,9389,870,A,urban,1
1162,42,M,115264,26950,533,B,rural,1
1163,62,F,68031,16089,543,B,suburban,1
1164,59,M,52921,46999,692,D,rural,1
1165,42,F,87571,8051,865,B,suburban,1
1166,35,F,92007,43090,745,A,rural,1
1167,57,M,43460,33805,692,A,urban,1
1168,25,M,36071,34442,308,B,suburban,0
1169,56,M,81118,49557,912,D,suburban,1
1170,57,M,63282,7555,452,A,rural,1
1171,31,F,106725,17767,409,B,urban,1
1172,49,M,73445,5458,565,C,rural,1
1173,68,M,96067,21066,672,B,suburban,1
1174,55,F,97208,9721,451,A,suburban,1
1175,50,M,69816,17446,894,D,rural,1
1176,40,F,100779,11304,714,B,rural,1
1177,32,M,18060,47967,945,C,suburban,1
1178,50,F,28731,39688,625,C,urban,1
1179,42,F,92830,18227,971,D,urban,1
1180,34,F,35719,45462,850,B,urban,1
1181,50,F,62042,11298,475,B,urban,1
1182,64,M,64116,44397,824,B,urban,1
1183,19,M,41325,42914,614,B,suburban,1
1184,31,F,37597,15306,366,A,rural,1
1185,57,F,82439,7589,852,D,urban,1
1186,57,M,29551,42078,483,D,suburban,1
1187,68,M,108287,40009,334,B,urban,1
1188,56,M,39278,18601,804,B,rural,1
1189,68,M,106189,12711,375,A,urban,1
1190,23,M,30141,26364,771,D,suburban,1
1191,23,F,82913,38706,881,B,rural,1
1192,20,M,48615,34610,822,B,urban,1
1193,24,M,77751,42069,582,D,suburban,1
1194,68,F,42452,8970,835,B,rural,1
1195,25,F,37725,8999,573,D,urban,0
1196,59,F,65391,26034,838,B,rural,1
1197,69,F,90060,41176,353,C,rural,1
1198,32,M,26698,46730,354,B,urban,1
1199,64,F,101711,21632,576,B,urban,1
1200,46,F,92850,18385,742,D,suburban,1
1201,50,M,17365,10950,717,C,rural,0
1202,69,F,112553,40694,931,B,urban,1
1203,47,F,112662,12975,524,A,suburban,1
1204,56,M,58372,26314,869,A,urban,1
1205,44,M,59134,28398,554,C,rural,1
1206,53,M,52823,30277,475,B,suburban,1
1207,46,M,86158,31761,865,D,suburban,1
1208,55,M,111076,36533,445,B,suburban,1
1209,50,F,16949,11966,963,B,rural,1
1210,54,M,64396,46901,684,C,urban,1
1211,44,F,46912,11587,561,B,suburban,1
1212,50,F,71947,27880,830,D,urban,1
1213,21,F,112697,10091,670,B,suburban,1
1214,39,F,59387,46753,982,A,suburban,1
1215,19,M,78965,36130,496,B,urban,1
1216,27,M,31508,22061,884,A,suburban,1
1217,22,F,60592,27293,896,B,suburban,1
1218,27,F,16919,6561,583,A,rural,1
1219,50,F,57595,46412,601,C,urban,1
1220,55,M,24617,8656,431,A,urban,1
1221,30,F,90268,26618,419,A,rural,1
1222,48,M,48298,25530,435,B,rural,1
1223,64,F,21929,26872,927,A,urban,1
1224,53,F,117653,33330,872,A,rural,1
1225,62,M,29456,21139,828,B,suburban,1
1226,41,F,101676,37977,333,A,rural,1
1227,69,M,98721,9983,831,A,suburban,1
1228,32,M,52924,44909,507,A,urban,1
1229,46,F,39240,47886,973,D,urban,1
1230,25,F,102381,26329,598,C,rural,1
1231,22,F,24228,41734,821,B,urban,1
1232,46,F,36686,47837,393,D,rural,1
1233,64,M,26920,13818,713,A,suburban,1
1234,21,F,22432,15918,670,B,urban,1
1235,29,F,78575,47418,708,D,suburban,1
1236,62,M,86725,6250,682,C,suburban,1
1237,19,F,108575,9758,740,D,suburban,1
1238,44,M,48910,42131,746,D,urban,1
1239,48,F,45226,7163,918,A,rural,1
1240,68,M,88150,47583,916,D,suburban,1
1241,68,M,74099,39621,370,D,rural,1
1242,53,M,101760,22137,383,B,suburban,1
1243,53,F,33013,37103,508,D,urban,1
1244,43,M,36446,26832,558,A,suburban,1
1245,60,M,118193,6868,538,C,rural,1
1246,44,F,85375,46862,601,A,urban,1
1247,22,F,77509,24728,531,A,rural,1
1248,37,M,117261,43006,581,B,urban,1
1249,28,M,110739,33029,693,B,rural,1
1250,27,M,15557,44857,717,C,rural,1
1251,57,M,45666,33183,505,B,suburban,1
1252,55,F,52389,27785,563,B,urban,1
1253,23,F,62700,23940,610,A,suburban,1
1254,25,F,114143,10280,996,C,rural,1
1255,40,M,39578,42012,925,D,suburban,1
1256,64,F,89779,7164,378,C,suburban,1
1257,43,F,24596,32188,641,C,suburban,1
1258,63,F,72500,19088,861,B,suburban,1
1259,60,F,87534,23405,394,B,suburban,1
1260,29,F,25129,7821,650,B,urban,1
1261,43,F,78394,27516,361,D,urban,1
1262,30,M,81046,15473,441,C,rural,1
1263,57,F,26596,47530,410,B,rural,1
1264,35,F,80355,43737,915,B,urban,1
1265,42,F,27974,17178,826,B,rural,1
1266,50,M,81673,43936,970,C,urban,1
1267,64,F,108433,32018,456,B,urban,1
1268,57,F,85202,22097,838,C,urban,1
1269,60,M,89442,19096,896,B,rural,1
1270,29,M,36818,44971,308,B,rural,1
1271,61,F,58246,8545,575,D,suburban,1
1272,53,F,70598,29798,526,B,urban,1
1273,65,F,17654,5863,485,D,suburban,0
1274,21,M,48758,21148,890,A,suburban,1
1275,22,F,39204,26009,515,A,urban,1
1276,54,M,49928,22809,732,B,urban,1
1277,25,M,68609,23688,868,C,suburban,1
1278,59,M,45552,5653,955,C,urban,1
1279,66,M,25336,13129,655,A,urban,1
1280,45,M,62037,31418,691,A,suburban,1
1281,48,M,31206,28118,878,B,suburban,1
1282,26,M,49831,5443,574,A,rural,1
1283,68,M,58563,32041,793,B,urban,1
1284,46,F,33361,28843,916,B,suburban,1
1285,31,M,56335,26053,750,B,urban,1
1286,57,M,89469,35848,719,A,urban,1
1287,58,F,40816,42874,999,A,suburban,1
1288,39,M,30619,42204,463,B,urban,1
1289,28,F,118223,47240,862,A,urban,1
1290,40,M,107479,40807,937,B,suburban,1
1291,18,M,41819,33213,891,D,urban,1
1292,63,F,26741,13291,482,A,rural,0
1293,54,F,23798,48046,609,A,urban,1
1294,38,F,40143,21285,316,A,urban,1
1295,43,F,64695,31886,745,D,urban,1
1296,63,F,47747,18944,469,A,urban,1
1297,53,M,114187,40505,579,D,rural,1
1298,40,M,36182,28340,639,B,suburban,1
1299,18,M,24415,35025,818,B,urban,1
1300,68,M,26085,6607,310,A,suburban,1
1301,57,F,30008,7953,823,B,rural,1
1302,32,F,102638,49941,921,B,urban,1
1303,38,M,33452,10933,432,B,urban,1
1304,64,F,79075,16386,939,B,urban,1
1305,26,F,23120,9682,447,B,rural,1
1306,26,M,79385,49052,865,B,urban,1
1307,27,M,88356,16154,378,B,urban,1
1308,69,M,33170,14047,645,B,suburban,1
1309,43,M,31259,27993,908,C,suburban,1
1310,58,M,37099,15338,548,A,rural,1
1311,52,F,24649,19323,938,B,urban,1
1312,69,M,110791,42693,841,B,suburban,1
1313,42,M,74258,28634,323,A,rural,1
1314,43,F,56037,31292,770,B,urban,1
1315,28,F,26805,43551,500,A,urban,1
1316,55,F,58147,14917,430,A,suburban,1
1317,19,M,89280,15145,933,D,suburban,1
1318,24,M,61053,34717,655,B,urban,1
1319,35,F,112841,44491,449,B,urban,1
1320,44,M,106393,21905,825,D,suburban,1
1321,51,M,91215,35273,603,A,suburban,1
1322,44,F,110365,31234,840,D,rural,1
1323,34,F,25985,18349,349,A,rural,1
1324,60,M,108823,6002,763,B,urban,1
1325,61,M,27391,44034,539,C,rural,1
1326,68,M,19861,37573,781,D,urban,1
1327,41,M,78582,32803,754,C,rural,1
1328,42,M,66928,16330,582,B,suburban,1
1329,24,M,49364,31504,634,B,suburban,1
1330,69,M,97399,19980,651,A,suburban,1
1331,23,F,112035,12017,967,C,urban,1
1332,41,F,108330,46353,948,A,urban,1
1333,50,F,57923,21011,626,B,urban,1
1334,66,M,22919,23001,635,C,rural,1
1335,46,M,70896,22044,965,D,urban,1
1336,60,M,100818,43292,380,B,urban,1
1337,39,M,62396,10250,386,C,rural,1
1338,43,M,49840,45280,557,A,urban,1
1339,45,F,57255,28289,484,A,rural,1
1340,67,F,86160,38087,991,B,urban,1
1341,38,F,114242,15416,997,B,urban,1
1342,66,M,23176,30159,422,C,urban,1
1343,24,F,48529,41368,395,C,rural,1
1344,34,M,71406,10279,904,A,urban,1
1345,37,M,27941,30157,814,C,urban,1
1346,58,M,16669,20494,742,A,suburban,0
1347,66,F,100782,30574,813,A,rural,1
1348,37,F,59859,30333,670,A,urban,1
1349,39,M,70786,38050,604,C,suburban,1
1350,45,F,66083,37263,656,B,suburban,1
1351,57,F,55076,37539,447,A,suburban,1
1352,66,M,35323,19030,584,B,urban,1
1353,24,M,114430,27721,956,B,urban,1
1354,18,M,21021,10166,561,D,urban,1
1355,49,F,119741,12121,873,B,suburban,1
1356,30,M,54807,19677,790,A,urban,1
1357,47,F,65355,36241,330,D,suburban,1
1358,40,M,117439,21373,567,A,urban,1
1359,68,F,59732,26873,311,C,urban,1
1360,36,M,23711,42664,490,B,suburban,1
1361,49,F,78079,6293,699,A,rural,1
1362,47,F,22904,27443,836,C,suburban,1
1363,46,F,79033,44725,390,A,urban,1
1364,66,F,115587,23595,899,D,urban,1
1365,62,M,101478,14740,800,A,suburban,1
1366,46,F,104787,17559,600,B,suburban,1
1367,47,M,70096,47741,410,C,suburban,1
1368,33,M,105594,44044,379,A,urban,1
1369,57,F,115781,26747,951,B,rural,1
1370,36,M,18093,45920,732,D,rural,1
1371,35,F,39918,12973,716,C,urban,1
1372,18,F,87743,20333,513,B,suburban,1
1373,31,M,77636,35129,746,C,urban,1
1374,68,F,73806,5037,317,D,urban,1
1375,64,M,24394,43758,353,A,urban,1
1376,67,M,107510,37311,908,B,suburban,1
1377,19,M,108708,43206,539,A,urban,1
1378,45,F,112819,33207,717,D,rural,1
1379,66,F,119531,48624,785,C,urban,1
1380,67,F,28280,38241,743,D,urban,1
1381,47,F,51303,5058,865,D,urban,1
1382,55,M,42453,7636,898,A,suburban,1
1383,68,M,75695,35635,422,A,urban,1
1384,21,F,83449,19834,719,A,urban,1
1385,18,M,40765,20577,865,B,urban,1
1386,25,M,17340,32190,515,C,urban,1
1387,46,M,106715,12296,719,C,urban,1
1388,56,F,108409,26383,850,B,urban,1
1389,20,F,53057,29660,527,B,urban,1
1390,49,M,15597,47493,536,C,suburban,1
1391,27,M,72988,7674,943,A,urban,1
1392,27,F,109655,48833,629,A,suburban,1
1393,36,F,30025,27820,768,B,urban,1
1394,63,M,22145,24504,979,B,urban,1
1395,51,F,116206,30666,786,D,suburban,1
1396,50,M,70797,48794,848,B,suburban,1
1397,40,M,56723,7076,878,C,rural,1
1398,45,F,88230,42555,922,B,urban,1
1399,49,F,19830,37406,714,A,rural,1
1400,67,M,38930,45262,518,A,suburban,0
1401,24,F,38752,30784,680,A,rural,1
1402,46,F,91025,26125,386,A,rural,1
1403,25,F,113228,28216,760,B,urban,1
1404,18,F,96304,7581,710,B,urban,1
1405,20,F,77040,20600,990,C,suburban,1
1406,41,M,82696,35284,824,B,urban,1
1407,40,M,79648,25171,746,A,rural,1
1408,25,M,70030,30091,599,C,urban,1
1409,64,M,71815,19333,707,B,rural,1
1410,54,F,100669,35535,936,D,urban,1
1411,20,F,50690,28487,674,D,urban,1
1412,68,M,103406,15404,532,C,rural,1
1413,50,M,105032,48934,937,C,urban,1
1414,45,M,72923,38700,949,A,urban,1
1415,64,M,51572,23047,348,A,urban,1
1416,25,F,69030,46516,485,D,rural,1
1417,51,M,82904,20577,504,B,suburban,1
1418,52,F,117236,29298,377,B,rural,1
1419,49,F,44203,20015,780,D,suburban,1
1420,41,M,92088,30568,685,C,urban,1
1421,31,M,20608,31204,493,A,urban,1
1422,49,M,60667,36748,402,A,urban,1
1423,63,F,70547,31267,916,A,suburban,1
1424,60,F,37485,26236,675,C,suburban,1
1425,33,M,24862,37615,586,B,urban,0
1426,21,F,118835,6104,781,D,urban,1
1427,69,F,90948,22654,549,C,urban,1
1428,54,M,101890,47369,500,A,urban,1
1429,38,M,86880,8646,835,A,urban,1
1430,31,F,72560,26471,760,B,urban,1
1431,48,F,98529,30906,599,D,urban,1
1432,65,F,109218,26107,777,A,rural,1
1433,35,F,43415,19878,382,D,urban,1
1434,24,F,79523,14145,757,B,rural,1
1435,27,M,34323,28042,990,A,urban,1
1436,24,F,68214,23226,597,D,suburban,1
1437,50,F,32997,7802,663,A,urban,1
1438,40,F,72003,29119,339,C,suburban,0
1439,38,M,18679,32185,924,A,urban,1
1440,36,M,110025,11105,639,D,urban,1
1441,65,M,55308,7749,815,D,rural,1
1442,36,M,90024,47949,407,D,suburban,1
1443,53,M,54842,39129,615,A,urban,1
1444,46,F,80408,29512,413,A,urban,1
1445,35,F,84532,41541,466,B,urban,1
1446,19,M,68938,18495,560,A,suburban,1
1447,18,F,20695,7064,917,C,suburban,1
1448,64,M,110740,35078,523,B,urban,1
1449,22,M,73499,35011,561,A,urban,1
1450,37,M,38382,10616,550,C,urban,1
1451,28,F,29235,12975,825,D,urban,1
1452,59,M,77223,15960,425,D,suburban,1
1453,19,M,17366,32992,505,B,suburban,1
1454,20,M,42467,26387,439,B,suburban,1
1455,40,F,74316,20324,361,A,urban,1
1456,29,M,21764,11243,582,A,rural,1
1457,37,F,105896,37628,353,B,urban,1
1458,22,F,76836,14560,645,D,suburban,1
1459,54,F,46923,46098,823,A,rural,1
1460,55,F,110711,9923,435,A,suburban,1
1461,47,M,31292,44235,629,A,urban,1
1462,26,M,16614,26325,443,A,urban,1
1463,51,F,35939,32949,735,A,rural,1
1464,61,M,33800,27821,581,B,urban,1
1465,52,F,71440,11076,435,B,suburban,1
1466,69,F,38246,27032,788,A,urban,1
1467,39,F,67805,13001,700,A,urban,1
1468,61,F,64648,20303,748,C,urban,1
1469,41,F,71851,21457,934,B,urban,1
1470,34,F,46688,46443,927,A,rural,1
1471,27,M,108498,17303,968,D,rural,1
1472,47,F,44764,20128,569,B,suburban,1
1473,63,M,47470,23280,316,B,urban,1
1474,40,M,53501,44427,568,D,urban,1
1475,49,F,72207,36644,781,B,suburban,1
1476,34,M,77157,43014,518,D,urban,1
1477,67,M,18216,11967,618,D,suburban,1
1478,68,M,37072,11661,537,A,urban,1
1479,34,F,108778,17416,844,D,suburban,1
1480,31,F,52132,5510,584,A,rural,1
1481,26,F,32861,46382,336,A,urban,1
1482,57,M,79186,40200,402,D,rural,1
1483,19,F,19960,6906,729,D,suburban,1
1484,62,F,33781,30534,953,C,suburban,1
1485,42,M,46126,21448,538,A,urban,1
1486,56,M,37578,42696,944,B,urban,1
1487,26,M,32883,9710,424,B,rural,1
1488,39,F,44782,49308,864,A,suburban,1
1489,60,F,71387,43892,899,D,suburban,1
1490,63,F,31979,45605,909,B,suburban,1
1491,21,M,48746,20583,906,A,urban,1
1492,43,F,81266,22184,487,A,rural,1
1493,46,F,15056,29853,555,B,urban,1
1494,62,F,46457,11109,884,C,rural,1
1495,51,F,17243,47677,829,A,urban,1
1496,40,M,70031,11659,975,C,urban,1
1497,54,M,16701,6238,691,A,urban,1
1498,28,F,71381,20064,957,B,rural,1
1499,23,F,65438,36115,767,C,rural,1
1500,35,F,88839,36952,552,A,rural,1
1501,38,M,95636,10620,971,B,urban,1
1502,59,F,81483,39254,860,C,urban,1
1503,53,M,35505,42449,475,B,suburban,1
1504,58,M,21553,49258,765,B,urban,1
1505,55,F,48525,9470,876,D,suburban,1
1506,51,F,95402,27003,588,D,suburban,1
1507,34,M,111008,32571,349,A,urban,1
1508,54,M,59348,29668,303,C,suburban,1
1509,42,M,86187,16723,930,A,rural,1
1510,55,M,22273,36040,799,A,rural,1
1511,29,F,79236,44945,975,A,suburban,1
1512,40,F,90569,37046,522,D,suburban,1
1513,59,M,18535,10441,967,B,urban,1
1514,39,F,33677,16719,561,A,urban,1
1515,38,F,98024,10397,984,A,urban,1
1516,44,F,15908,39389,834,D,urban,1
1517,48,M,85153,22945,675,B,urban,1
1518,23,F,110967,27233,360,B,urban,1
1519,44,M,103989,22800,655,D,rural,1
1520,57,M,50079,9190,945,C,suburban,1
1521,51,M,96556,42822,323,A,urban,1
1522,29,M,64323,6130,592,B,urban,1
1523,62,M,60320,19071,856,D,urban,1
1524,24,M,107098,24981,990,D,urban,1
1525,27,M,104909,49704,655,A,urban,1
1526,62,F,61105,7118,874,A,rural,1
1527,34,F,45164,5663,328,A,suburban,0
1528,43,M,16885,20735,656,B,suburban,1
1529,38,F,72819,24158,664,C,urban,1
1530,45,F,16049,36087,907,A,urban,1
1531,63,F,68281,27578,708,C,urban,1
1532,19,M,58271,24874,565,C,suburban,1
1533,60,F,81697,47531,590,C,suburban,1
1534,18,F,81351,22907,866,D,urban,1
1535,68,F,51534,45821,452,B,rural,1
1536,53,M,108034,27787,518,B,urban,1
1537,68,F,73097,26705,472,C,suburban,1
1538,43,F,68813,8845,907,D,suburban,1
1539,46,F,40037,44069,934,A,urban,1
1540,38,M,51007,49653,311,D,suburban,1
1541,28,M,94478,21482,815,A,urban,1
1542,57,F,42278,40056,661,A,urban,1
1543,28,F,23272,31090,878,A,urban,1
1544,53,M,72183,25681,956,D,urban,1
1545,66,F,114173,37252,776,B,urban,1
1546,56,M,53294,12796,876,A,suburban,1
1547,57,F,88277,12263,381,D,urban,1
1548,52,F,77509,17777,916,C,urban,1
1549,51,F,19694,46538,992,D,suburban,1
1550,64,F,110842,25343,639,A,rural,1
1551,41,M,73150,45153,740,A,suburban,1
1552,39,F,82470,19862,916,B,rural,1
1553,22,M,36556,46232,525,C,suburban,1
1554,50,F,79471,42649,670,C,urban,1
1555,53,F,64855,20691,327,C,suburban,1
1556,64,F,64086,30028,315,C,urban,1
1557,37,M,33907,47135,576,A,urban,1
1558,36,F,86695,36066,632,C,urban,1
1559,52,M,63487,38181,782,B,urban,1
1560,69,M,44158,22934,865,A,suburban,1
1561,60,F,35293,25910,587,A,suburban,1
1562,34,M,60761,12141,413,C,urban,1
1563,62,F,114468,21225,337,D,rural,1
1564,60,M,48387,39714,753,A,suburban,1
1565,51,M,55750,26587,465,A,urban,1
1566,26,F,83602,37959,993,A,rural,1
1567,43,F,36256,19175,504,D,urban,1
1568,19,M,115641,15051,544,C,suburban,1
1569,26,F,20594,10892,632,D,urban,1
1570,26,F,17460,8449,695,D,suburban,1
1571,57,F,87356,46095,806,B,rural,1
1572,34,M,69698,43677,420,A,suburban,1
1573,18,F,116746,17393,558,B,urban,1
1574,42,F,31191,34190,709,A,urban,1
1575,60,F,99631,39709,609,A,urban,1
1576,57,M,25529,36533,367,A,suburban,1
1577,59,F,47175,31141,413,C,urban,1
1578,42,F,32675,41989,519,B,urban,1
1579,56,F,58158,28908,519,B,suburban,1
1580,52,M,61798,44311,772,B,urban,1
1581,20,F,85910,37322,685,A,rural,1
1582,67,F,40976,19012,597,C,urban,1
1583,54,M,78116,39889,905,C,urban,1
1584,61,M,93678,22412,552,A,urban,1
1585,61,F,77821,35614,704,C,rural,1
1586,68,M,27204,49494,791,B,urban,1
1587,47,F,70665,29657,656,A,urban,1
1588,55,F,22394,10656,727,A,suburban,0
1589,51,F,79814,13967,514,D,suburban,1
1590,29,M,48593,24422,679,A,urban,1
1591,36,M,56964,20764,513,B,suburban,1
1592,54,F,92188,20873,397,D,urban,1
1593,61,M,114276,33949,827,B,urban,1
1594,66,F,68365,48847,965,A,suburban,1
1595,34,M,15443,7271,827,D,urban,1
1596,27,M,104439,6607,919,B,rural,1
1597,66,M,114058,24523,834,C,urban,1
1598,64,F,43180,32990,853,C,suburban,1
1599,29,F,63791,8665,848,C,urban,1
1600,33,M,101655,21308,627,D,rural,1
1601,41,M,90899,10852,464,D,urban,1
1602,36,M,58665,10462,415,C,rural,1
1603,25,F,118700,36795,449,D,urban,1
1604,48,M,112077,9270,817,D,suburban,1
1605,38,F,18465,29491,331,D,suburban,0
1606,34,F,83247,41230,956,C,urban,1
1607,40,F,66559,5347,592,A,urban,1
1608,54,M,40198,37830,988,C,rural,1
1609,33,F,69740,6783,476,A,urban,1
1610,23,M,37488,33390,360,B,suburban,1
1611,25,M,53515,13417,888,A,urban,1
1612,42,F,104144,11566,715,D,rural,1
1613,35,F,42898,22426,682,B,suburban,1
1614,42,M,16919,35750,897,C,urban,1
1615,29,M,65070,15872,306,B,urban,1
1616,32,F,77613,33695,384,A,urban,1
1617,43,M,111707,6234,697,B,urban,1
1618,58,F,101135,39752,692,C,urban,1
1619,62,F,97501,33832,346,D,rural,1
1620,43,M,62003,22978,640,A,rural,1
1621,64,M,63478,27641,797,A,urban,1
1622,49,M,29434,32127,905,C,suburban,1
1623,27,F,61246,39720,777,A,urban,1
1624,33,F,51649,23079,725,A,urban,1
1625,24,M,74030,22338,725,A,urban,1
1626,34,F,68061,8291,814,C,suburban,1
1627,40,F,16999,13548,428,A,rural,1
1628,43,M,29849,49555,548,B,urban,1
1629,38,F,91439,38736,430,D,urban,1
1630,39,M,67800,33022,988,C,urban,1
1631,24,M,20445,9234,622,B,rural,0
1632,31,M,115932,31720,842,B,urban,1
1633,32,M,33040,46106,365,A,suburban,1
1634,24,M,79315,45117,400,A,rural,1
1635,26,M,15246,18368,330,A,urban,1
1636,68,F,46153,13734,490,B,suburban,0
1637,65,F,20212,46651,877,B,urban,1
1638,25,F,18339,38793,714,D,rural,0
1639,67,M,103678,17197,799,D,urban,1
1640,40,M,71238,8359,894,A,rural,1
1641,46,M,34394,43025,345,C,rural,1
1642,35,F,68871,40719,388,A,suburban,1
1643,48,F,115672,12389,997,C,urban,1
1644,47,M,92722,19952,674,A,suburban,1
1645,69,M,49607,34075,545,D,urban,1
1646,56,F,67055,23939,857,D,urban,1
1647,52,M,119509,20624,556,A,urban,1
1648,35,M,19395,6735,651,C,suburban,1
1649,59,F,30290,29315,872,C,rural,1
1650,56,F,102687,22422,404,B,rural,1
1651,34,M,80078,44137,636,C,suburban,1
1652,31,M,18691,12127,825,C,suburban,1
1653,48,F,22470,40680,600,D,rural,1
1654,41,M,18841,17606,376,C,rural,0
1655,52,M,117652,37743,810,B,urban,1
1656,61,M,78197,39010,529,D,urban,1
1657,62,M,70773,20636,978,D,urban,1
1658,51,M,32776,30348,877,B,suburban,1
1659,20,F,86596,15108,331,A,suburban,1
1660,54,M,42584,13098,907,C,rural,1
1661,60,M,19300,41180,357,D,rural,1
1662,57,F,18338,23883,403,A,urban,1
1663,43,F,77601,49400,611,B,urban,1
1664,40,F,20487,12160,945,A,urban,1
1665,61,F,51282,24929,366,C,urban,1
1666,56,M,110065,22597,989,D,urban,1
1667,32,F,110798,16123,673,B,rural,1
1668,66,M,91816,33357,534,B,urban,1
1669,21,F,43804,9960,942,D,suburban,1
1670,46,M,24915,38556,411,A,urban,1
1671,39,F,26158,23255,688,D,urban,1
1672,42,F,89157,18350,707,B,rural,1
1673,30,M,25547,35881,353,B,suburban,1
1674,35,F,103713,23409,538,B,urban,1
1675,50,F,17459,37635,594,C,rural,1
1676,33,F,43768,7446,411,D,urban,1
1677,62,M,78146,35657,387,D,suburban,1
1678,59,F,118577,26207,775,D,urban,1
1679,61,M,65870,13752,603,A,suburban,1
1680,19,M,118727,18440,604,B,urban,1
1681,52,M,65460,49864,589,B,suburban,1
1682,59,M,97970,11499,507,D,suburban,1
1683,51,F,75817,26139,881,B,urban,1
1684,47,M,53247,19767,669,D,rural,1
1685,30,F,30419,27343,519,D,urban,1
1686,30,M,115553,32712,530,B,rural,1
1687,35,M,50577,24673,648,D,urban,1
1688,49,M,17921,34488,554,D,suburban,1
1689,49,M,19676,31520,751,D,suburban,1
1690,52,M,100961,49105,441,C,urban,1
1691,56,M,115721,20784,368,D,urban,1
1692,63,F,64684,43079,388,A,suburban,1
1693,69,M,28463,49220,435,C,rural,0
1694,46,M,40474,25491,954,A,rural,1
1695,66,M,55935,40268,998,A,urban,1
1696,46,F,82005,19718,822,D,urban,1
1697,61,F,73596,40597,959,C,suburban,1
1698,33,M,87828,37815,741,A,suburban,1
1699,61,M,105945,40132,337,B,rural,1
1700,64,M,104062,31832,507,D,urban,1
1701,27,F,70152,36862,509,D,urban,1
1702,47,M,104001,17864,812,A,suburban,1
1703,42,M,111491,27842,659,D,urban,1
1704,56,M,107321,13177,876,B,suburban,1
1705,37,M,101569,45699,300,C,urban,1
1706,22,M,87467,16844,680,C,urban,1
1707,18,F,67576,13594,836,D,suburban,1
1708,47,M,81627,18418,693,D,urban,1
1709,66,F,40772,39854,349,A,urban,1
1710,20,M,31363,28108,695,C,rural,1
1711,62,M,43490,15419,331,B,rural,1
1712,31,F,74004,27539,844,B,rural,1
1713,47,M,68806,49370,533,B,rural,1
1714,67,F,15260,48950,325,B,urban,1
1715,21,F,90992,17835,853,B,urban,1
1716,35,M,37320,22533,733,A,urban,1
1717,54,F,93971,34515,360,C,rural,1
1718,42,M,57145,40921,852,C,suburban,1
1719,65,F,78688,46968,740,B,suburban,1
1720,18,M,63581,27322,429,D,rural,1
1721,63,F,107561,15223,653,A,suburban,1
1722,32,M,108645,15273,497,B,urban,1
1723,26,F,35754,38519,962,B,urban,1
1724,32,F,84837,29160,993,A,urban,1
1725,66,F,22207,13849,670,A,urban,1
1726,41,F,42920,30656,446,D,urban,1
1727,21,F,102739,15348,797,B,suburban,1
1728,29,F,102081,22924,347,B,urban,1
1729,54,M,39016,43935,950,B,suburban,1
1730,54,M,111634,44132,471,D,urban,1
1731,60,M,75522,6983,912,B,rural,1
1732,23,M,89092,29890,998,D,suburban,1
1733,56,M,69068,19629,614,B,rural,1
1734,63,F,35102,16273,675,B,urban,1
1735,41,M,119429,36739,832,A,urban,1
1736,28,F,16924,45416,719,D,suburban,1
1737,30,M,100015,12894,695,C,urban,1
1738,51,M,119987,29343,821,B,urban,1
1739,42,F,69333,48095,486,A,urban,1
1740,24,F,99458,36174,944,B,urban,1
1741,69,F,99196,49179,332,A,rural,1
1742,21,F,61099,11900,368,B,urban,1
1743,25,M,72346,8800,891,D,rural,1
1744,37,F,90481,40246,490,C,urban,1
1745,46,M,65062,47735,400,A,urban,1
1746,68,M,15306,47926,784,D,suburban,1
1747,62,M,103495,12054,584,D,rural,1
1748,63,M,84767,43827,689,B,suburban,1
1749,27,M,119332,47727,864,B,suburban,1
1750,60,F,27207,49775,459,D,urban,1
1751,51,F,54426,46201,853,C,urban,1
1752,43,M,21336,34373,346,B,urban,1
1753,58,M,90166,32525,458,C,urban,1
1754,66,M,32256,43977,745,A,rural,1
1755,20,M,114445,12115,995,D,rural,1
1756,23,F,64817,36107,822,B,urban,1
1757,22,M,48719,35486,965,C,suburban,1
1758,22,F,57017,18068,454,A,suburban,1
1759,64,M,60704,23640,638,B,urban,1
1760,40,F,45013,37158,664,B,urban,1
1761,66,M,94991,41136,998,B,urban,1
1762,26,F,85258,21128,873,C,suburban,1
1763,52,M,93348,29942,447,A,urban,1
1764,37,F,110812,7827,443,A,rural,1
1765,66,M,51776,20990,402,B,urban,1
1766,59,M,25060,40255,392,C,urban,1
1767,52,F,93592,24987,585,A,urban,1
1768,67,F,21655,25901,723,A,suburban,1
1769,35,F,103110,21277,418,D,suburban,1
1770,34,F,64923,6643,328,A,suburban,1
1771,41,F,93563,28729,810,D,urban,1
1772,20,M,19030,26087,329,B,urban,1
1773,49,M,104779,26818,665,C,urban,1
1774,52,M,48289,5019,437,A,urban,1
1775,55,F,34739,38443,774,D,suburban,1
1776,30,M,114704,14457,862,A,urban,1
1777,64,M,76687,38922,691,B,urban,1
1778,42,F,51491,14820,734,A,urban,1
1779,26,F,110549,37750,533,D,urban,1
1780,21,M,87115,47586,354,D,suburban,1
1781,31,M,98778,41484,591,B,rural,1
1782,54,M,19781,43010,611,B,rural,1
1783,51,M,35448,42790,847,C,suburban,1
1784,28,M,66550,27869,388,D,urban,1
1785,58,F,64294,39421,511,C,suburban,1
1786,20,F,36446,7502,617,D,urban,1
1787,45,F,91579,21665,764,B,suburban,1
1788,46,M,100389,30600,386,A,suburban,1
1789,26,F,100615,34394,708,A,suburban,1
1790,20,M,32101,19086,539,C,urban,1
1791,42,M,81178,41171,999,B,rural,1
1792,51,F,43016,39003,356,A,suburban,0
1793,29,M,33932,18149,412,A,suburban,1
1794,59,M,59653,35394,369,B,urban,1
1795,26,F,105481,19396,991,A,urban,1
1796,32,M,67802,28324,483,A,urban,1
1797,57,F,22549,22169,575,D,urban,1
1798,42,M,93933,49277,532,B,suburban,1
1799,22,F,40362,31243,353,A,rural,1
1800,28,M,62842,36016,556,C,urban,1
1801,51,M,61539,8194,389,D,suburban,1
1802,41,F,48717,37398,962,C,urban,1
1803,32,M,69596,9789,734,A,urban,1
1804,55,M,38016,25159,924,D,rural,1
1805,25,M,70200,48406,707,B,suburban,1
1806,22,M,95268,10350,568,B,suburban,1
1807,65,M,75287,38301,968,C,urban,1
1808,43,M,107447,29977,665,C,urban,1
1809,35,F,98402,41431,650,B,urban,1
1810,23,M,57607,5129,598,D,urban,1
1811,54,M,42621,39626,458,C,urban,1
1812,65,M,27823,32549,786,D,suburban,1
1813,30,M,44986,17342,825,B,urban,1
1814,45,F,79325,41417,654,B,urban,1
1815,22,M,72771,15978,920,B,suburban,1
1816,30,F,69973,42628,700,A,rural,1
1817,34,M,29690,47180,704,A,rural,1
1818,67,F,54107,13833,395,C,rural,1
1819,57,F,72888,38491,869,C,urban,1
1820,62,F,25956,34473,691,A,urban,1
1821,49,F,101839,5737,651,B,rural,1
1822,46,F,71227,34429,965,A,rural,1
1823,68,M,51533,6299,875,D,suburban,1
1824,20,M,110210,5339,969,A,urban,1
1825,57,F,71234,37920,932,C,urban,1
1826,51,M,116131,47381,587,C,rural,1
1827,57,M,82594,24435,822,B,urban,1
1828,44,F,71901,38194,461,A,suburban,1
1829,30,M,26519,29509,916,B,rural,1
1830,62,F,46115,47095,958,D,suburban,1
1831,50,F,81266,49289,481,C,urban,1
1832,23,F,16832,6373,848,C,urban,1
1833,41,F,56368,12082,381,C,urban,1
1834,36,M,103425,30532,823,A,suburban,1
1835,33,M,84715,47661,303,A,suburban,1
1836,57,M,86835,23866,794,D,urban,1
1837,45,M,88366,12593,854,D,urban,1
1838,50,F,52570,14495,350,C,urban,1
1839,65,F,102977,12837,560,C,rural,1
1840,58,M,21615,16172,433,B,rural,1
1841,30,M,87298,23680,898,A,urban,1
1842,60,F,53311,35346,661,C,rural,1
1843,62,M,105245,48085,867,D,suburban,1
1844,42,M,118187,28412,516,B,suburban,1
1845,59,M,38434,27863,367,B,suburban,1
1846,53,F,101879,35804,855,A,suburban,1
1847,44,F,30739,15934,442,A,urban,1
1848,55,F,81202,35723,645,B,suburban,1
1849,24,F,113580,25405,853,D,rural,1
1850,22,M,108419,23748,950,D,urban,1
1851,60,M,94599,10230,884,D,urban,1
1852,62,F,48649,27354,493,C,urban,0
1853,68,M,115364,13954,966,B,urban,1
1854,48,F,62445,28139,545,D,urban,1
1855,40,F,54470,22388,613,B,suburban,1
1856,59,F,89965,44825,683,D,urban,1
1857,27,F,63621,41523,576,C,urban,1
1858,49,F,47926,40614,371,B,rural,0
1859,60,F,52997,40732,428,B,suburban,1
1860,47,M,74940,46646,657,B,urban,1
1861,56,M,55724,26021,997,A,urban,1
1862,48,M,112805,32702,824,B,suburban,1
1863,35,F,46704,40523,519,D,suburban,1
1864,53,M,43391,24116,305,C,urban,0
1865,19,F,78291,11473,923,A,rural,1
1866,31,M,104723,27735,527,B,suburban,1
1867,30,F,17526,39461,316,C,rural,0
1868,46,M,39686,16084,884,B,urban,1
1869,29,F,88339,49771,311,B,urban,1
1870,56,F,113204,33756,897,C,urban,1
1871,19,M,21574,22068,798,B,urban,1
1872,49,M,23733,33916,991,A,urban,1
1873,30,F,65290,7919,933,B,urban,1
1874,63,M,87793,28550,801,B,suburban,1
1875,44,M,51051,41524,369,A,urban,1
1876,66,F,30909,8283,407,B,urban,1
1877,58,F,104682,9691,500,B,rural,1
1878,34,F,92338,28212,351,D,urban,1
1879,57,M,88432,45118,848,C,suburban,1
1880,48,M,43133,33602,928,C,suburban,1
1881,51,F,66571,22540,558,B,rural,1
1882,41,F,94062,40829,781,A,rural,1
1883,62,F,65908,10919,563,B,urban,1
1884,52,M,26278,27277,602,D,rural,1
1885,65,M,66458,22676,875,B,urban,1
1886,23,M,79265,47844,853,B,suburban,1
1887,36,M,71782,14752,854,A,urban,1
1888,47,M,70415,21012,424,D,suburban,1
1889,24,M,106087,14175,569,D,suburban,1
1890,27,F,69160,45670,779,A,suburban,1
1891,58,M,69399,7067,431,C,suburban,1
1892,49,F,40298,36478,301,A,urban,1
1893,51,F,115874,31439,414,B,urban,1
1894,45,F,37191,39747,780,A,suburban,1
1895,32,M,71964,34810,300,A,urban,1
1896,47,F,48092,23302,630,A,urban,1
1897,54,F,104407,5700,876,D,suburban,1
1898,46,F,90257,41814,936,D,rural,1
1899,39,F,118949,39841,690,A,urban,1
1900,21,F,77513,49713,442,B,suburban,1
1901,37,F,66097,8048,627,A,urban,1
1902,49,M,45279,38290,927,A,urban,1
1903,53,F,29404,16101,676,D,urban,1
1904,67,M,85022,34778,389,A,suburban,1
1905,21,F,50198,32425,341,C,suburban,1
1906,44,M,109223,46509,334,B,urban,1
1907,34,M,64997,22852,793,A,suburban,1
1908,29,F,93692,29500,852,B,urban,1
1909,39,F,15567,17674,423,D,urban,1
1910,34,M,76032,28195,356,C,suburban,1
1911,27,M,17179,29371,755,A,urban,1
1912,18,F,17019,38053,534,D,urban,1
1913,39,M,96455,16957,907,D,suburban,1
1914,43,F,100239,12108,691,A,suburban,1
1915,35,M,33704,22829,791,B,rural,1
1916,67,F,33030,10837,642,A,urban,1
1917,31,F,84445,20032,943,B,urban,1
1918,64,M,88551,39234,475,C,rural,1
1919,46,M,18420,31352,351,A,urban,1
1920,29,M,74875,35215,849,A,suburban,1
1921,53,F,62653,14106,777,B,rural,1
1922,52,F,31740,46247,788,B,suburban,1
1923,69,F,80263,33766,304,B,urban,1
1924,29,M,110864,48048,931,C,rural,1
1925,24,M,79559,43700,508,A,suburban,1
1926,46,M,34465,14996,516,B,suburban,1
1927,28,M,66432,6178,835,A,suburban,1
1928,50,F,19131,40319,641,D,urban,0
1929,23,F,25652,21025,700,B,urban,1
1930,64,F,79973,14780,761,A,rural,1
1931,32,M,102043,27706,510,A,urban,1
1932,49,F,62147,47916,325,A,urban,1
1933,68,F,62671,14967,551,A,urban,1
1934,28,F,104342,35856,302,C,urban,1
1935,40,F,34171,42630,301,D,suburban,0
1936,43,M,101129,14179,903,B,rural,1
1937,51,M,70692,43623,301,B,urban,1
1938,63,F,73541,22587,449,C,suburban,1
1939,51,M,24470,28733,882,B,suburban,1
1940,46,M,76344,27770,303,A,suburban,1
1941,21,F,59308,38887,796,A,urban,1
1942,34,F,65639,8975,849,D,suburban,1
1943,52,F,36326,17919,767,D,rural,1
1944,30,M,19597,14602,369,A,urban,1
1945,58,M,117840,39060,500,A,suburban,1
1946,56,F,45788,47154,607,C,rural,1
1947,32,F,80020,15140,551,B,suburban,1
1948,46,F,64477,26170,586,C,suburban,1
1949,46,F,117466,33830,591,A,rural,1
1950,28,F,48071,49540,453,D,urban,1
1951,69,F,85603,11590,432,C,suburban,1
1952,49,M,76923,35609,885,A,urban,1
1953,19,F,85560,22401,573,B,urban,1
1954,64,F,88251,32729,996,A,suburban,1
1955,31,F,72492,42944,808,B,urban,1
1956,37,M,46770,33645,652,C,urban,1
1957,39,F,91762,34047,304,B,urban,1
1958,28,M,50399,27560,592,C,urban,1
1959,44,F,93948,11647,659,A,urban,1
1960,20,M,72439,26106,897,C,rural,1
1961,34,F,59415,11015,513,B,urban,1
1962,61,M,27569,26506,705,C,suburban,1
1963,45,M,17369,29067,735,A,suburban,1
1964,46,M,112557,7056,314,B,urban,1
1965,38,F,15528,36719,572,B,rural,0
1966,64,M,45314,34328,862,B,rural,1
1967,33,M,117979,17176,344,B,urban,1
1968,54,F,33047,47771,933,B,rural,1
1969,37,M,34748,36885,711,D,suburban,1
1970,23,F,50109,26269,486,A,urban,1
1971,36,F,28919,8114,960,C,suburban,1
1972,22,F,62498,18442,469,B,suburban,1
1973,20,M,70808,45151,893,B,suburban,1
1974,18,F,95792,6629,700,C,suburban,1
1975,55,M,85441,22927,545,D,urban,1
1976,32,M,89420,36317,851,B,rural,1
1977,51,M,43906,28896,979,D,rural,1
1978,52,F,86486,33155,342,A,suburban,1
1979,66,M,81896,23288,478,C,urban,1
1980,42,F,118431,26415,756,B,suburban,1
1981,41,F,36946,41085,834,B,suburban,1
1982,29,M,62020,16251,906,B,rural,1
1983,35,M,89266,41884,971,B,rural,1
1984,32,F,37161,30574,543,B,rural,0
1985,61,F,42738,14623,316,B,urban,1
1986,33,F,18925,25936,411,C,rural,1
1987,44,M,23463,11123,914,B,urban,1
1988,25,M,72153,8061,897,B,urban,1
1989,63,M,97948,45857,846,A,urban,1
1990,42,M,76009,41499,329,C,rural,1
1991,34,M,102938,44095,491,C,rural,1
1992,46,F,114546,33451,736,A,urban,1
1993,25,M,106253,21361,478,A,urban,1
1994,32,M,56552,20907,915,A,rural,1
1995,44,F,71271,39814,976,D,suburban,1
1996,63,F,24797,24605,773,C,urban,1
1997,67,M,101130,37256,933,A,suburban,1
1998,69,F,86942,16332,433,D,suburban,1
1999,24,M,28965,42832,611,A,rural,1
2000,20,M,28733,34476,324,A,urban,1
2001,46,M,68223,14445,670,D,urban,1
2002,61,F,41926,38490,824,D,urban,1
2003,41,M,43783,34767,618,C,urban,1
2004,20,M,98360,20210,529,B,suburban,1
2005,37,M,51394,29159,401,B,rural,1
2006,63,F,79796,12564,749,D,suburban,1
2007,32,M,43287,46043,677,C,rural,1
2008,42,M,97104,26219,502,A,rural,1
2009,47,M,45436,32946,566,B,urban,1
2010,31,M,101916,41587,761,D,urban,1
2011,24,F,105332,8364,664,D,suburban,1
2012,34,F,88567,9318,403,C,urban,1
2013,61,M,102483,16479,410,C,suburban,1
2014,37,M,18188,12398,727,A,urban,1
2015,53,M,106205,7452,768,C,suburban,1
2016,26,M,116249,26672,880,C,suburban,1
2017,55,M,112349,38193,979,A,urban,1
2018,65,F,21765,18865,860,D,suburban,1
2019,39,F,66626,30345,549,D,urban,1
2020,19,F,103707,25359,781,A,urban,1
2021,41,F,25807,13799,630,D,suburban,1
2022,25,F,25204,28053,886,C,urban,1
2023,28,F,107602,39892,500,B,rural,1
2024,30,M,72944,22684,753,D,urban,1
2025,34,F,57120,10015,803,A,suburban,1
2026,25,M,117903,36665,845,C,suburban,1
2027,38,M,37658,13657,410,B,urban,0
2028,35,F,52081,26951,843,C,urban,1
2029,47,M,49986,37063,508,B,suburban,1
2030,35,M,94322,37743,943,A,urban,1
2031,63,F,109819,31521,917,B,urban,1
2032,64,M,65304,15731,332,A,suburban,1
2033,48,M,80592,23744,854,A,urban,1
2034,55,F,73548,23423,406,A,suburban,1
2035,49,F,113447,22568,564,C,rural,1
2036,28,F,54986,8934,525,D,urban,1
2037,62,M,89095,16409,786,D,urban,1
2038,42,M,106594,36410,478,D,urban,1
2039,50,F,103281,35808,521,D,suburban,1
2040,55,F,81151,13172,669,A,urban,1
2041,58,F,88598,32358,936,C,urban,1
2042,25,M,43214,5777,466,C,urban,1
2043,28,M,53745,24763,962,A,urban,1
2044,39,F,57548,40186,852,C,suburban,1
2045,68,M,25681,36170,599,B,urban,1
2046,41,F,21984,25461,680,D,urban,1
2047,58,M,42579,7439,334,C,urban,0
2048,34,F,105810,12804,706,D,urban,1
2049,29,F,118275,18212,801,A,urban,1
2050,63,F,69933,26653,613,A,urban,1
2051,49,M,42399,26971,400,D,urban,1
2052,32,F,46481,6989,868,A,suburban,1
2053,33,F,15944,12868,514,B,urban,1
2054,39,M,108993,47026,967,C,suburban,1
2055,45,F,24114,38712,875,D,urban,1
2056,37,F,54846,29604,361,A,suburban,1
2057,50,F,98666,27135,668,A,urban,1
2058,27,F,92848,35544,667,B,rural,1
2059,57,M,47596,42918,873,B,suburban,1
2060,49,M,119087,35847,393,B,urban,1
2061,67,M,90287,48774,768,D,urban,1
2062,50,F,21907,15680,325,C,suburban,1
2063,19,F,43114,35083,734,D,rural,1
2064,50,F,40009,39433,420,A,urban,1
2065,50,M,99846,31309,349,C,urban,1
2066,58,M,65241,46719,335,D,urban,1
2067,30,F,50725,15349,709,C,urban,1
2068,47,M,33996,14543,588,A,urban,1
2069,50,M,21047,14460,678,D,urban,1
2070,30,F,119553,39553,399,B,urban,1
2071,69,M,43767,33525,623,D,urban,1
2072,43,M,31347,10948,628,A,suburban,1
2073,39,M,117063,19498,947,C,suburban,1
2074,56,M,39102,23991,520,D,urban,1
2075,19,F,19263,29974,866,B,rural,1
2076,55,M,82438,40398,409,A,urban,1
2077,56,M,111359,12660,448,A,urban,1
2078,43,M,45540,31245,705,A,suburban,1
2079,63,F,115871,5238,973,B,suburban,1
2080,67,M,90726,24920,998,C,rural,1
2081,32,F,78769,14338,709,A,urban,1
2082,51,M,55843,47517,428,A,urban,1
2083,59,M,42690,15349,783,B,suburban,1
2084,61,M,17994,16643,407,B,urban,1
2085,66,F,118533,33274,688,C,urban,1
2086,57,F,82546,45667,724,C,suburban,1
2087,28,M,22377,44913,746,D,urban,1
2088,20,F,93572,43629,367,A,urban,1
2089,23,F,41467,21632,365,B,urban,1
2090,26,M,15048,32144,955,B,urban,1
2091,23,F,51978,17321,864,A,urban,1
2092,26,M,62606,42091,939,B,urban,1
2093,56,F,96574,34256,803,D,urban,1
2094,48,F,113112,28485,803,A,rural,1
2095,49,F,88414,7860,620,A,urban,1
2096,58,F,108145,19919,879,C,rural,1
2097,67,M,64222,38337,746,C,urban,1
2098,29,F,63115,13411,873,B,urban,1
2099,25,M,104606,14586,509,C,urban,1
2100,25,M,55647,29312,669,D,urban,1
2101,67,F,69607,28055,863,A,suburban,1
2102,45,F,72410,39890,927,A,urban,1
2103,37,F,36996,33807,757,A,suburban,1
2104,64,M,69921,25384,876,C,urban,1
2105,24,F,98697,33925,941,B,suburban,1
2106,28,F,61022,8089,988,D,suburban,1
2107,37,M,55148,19242,462,C,urban,1
2108,33,M,82764,44978,631,B,rural,1
2109,21,M,106901,21433,963,A,suburban,1
2110,23,M,105724,38282,649,B,rural,1
2111,39,F,23888,15983,969,A,urban,1
2112,43,F,103666,48738,767,D,rural,1
2113,20,F,54159,48578,725,B,rural,1
2114,58,F,57197,47797,626,A,suburban,1
2115,59,M,99326,9671,405,B,suburban,1
2116,31,F,105360,29133,554,A,rural,1
2117,28,M,113941,48209,657,B,rural,1
2118,35,F,39474,5414,743,A,suburban,1
2119,29,M,32333,26242,412,C,urban,1
2120,40,F,51355,40184,329,B,rural,1
2121,29,M,114415,43379,823,B,urban,1
2122,30,M,88903,20231,988,C,urban,1
2123,42,F,81258,26849,345,A,rural,1
2124,62,M,46145,46163,470,B,rural,1
2125,68,F,118170,36676,429,B,rural,1
2126,36,M,90675,27056,652,B,suburban,1
2127,63,F,64854,46028,502,D,urban,1
2128,53,M,82664,24947,525,A,rural,1
2129,62,M,101153,31040,379,C,urban,1
2130,25,M,108616,30282,609,B,suburban,1
2131,46,M,50285,31201,334,B,suburban,1
2132,49,M,32533,11833,863,C,urban,1
2133,68,M,47624,9752,460,A,urban,1
2134,61,M,61996,29507,895,C,urban,1
2135,35,M,61947,25169,734,A,suburban,1
2136,23,F,42956,49746,837,B,urban,1
2137,35,F,66030,46495,524,C,urban,1
2138,36,M,73597,29930,745,A,suburban,1
2139,39,F,57443,10023,616,C,suburban,1
2140,54,F,113613,5982,965,A,urban,1
2141,49,M,80464,19305,713,C,suburban,1
2142,58,F,18952,21146,394,B,urban,1
2143,20,M,71880,16201,524,C,urban,1
2144,45,F,67201,21910,852,D,urban,1
2145,27,M,57460,28031,944,B,suburban,1
2146,68,F,37796,28636,365,A,urban,0
2147,52,F,46746,22314,696,D,urban,1
2148,46,M,101785,32332,509,A,urban,1
2149,32,M,15015,23330,773,C,rural,1
2150,50,F,64757,20365,964,D,rural,1
2151,24,M,40957,48501,983,C,urban,1
2152,29,F,96541,15108,870,A,urban,1
2153,66,F,36292,8360,995,A,rural,1
2154,47,F,46876,47553,789,A,urban,1
2155,38,F,75727,45880,479,B,urban,1
2156,48,F,62046,8625,823,A,urban,1
2157,41,F,29817,43237,758,C,rural,1
2158,37,M,106006,6223,367,B,suburban,1
2159,54,M,24759,44878,628,D,urban,1
2160,21,M,63432,14157,501,D,urban,1
2161,45,F,21412,42760,774,D,rural,1
2162,61,F,72757,18646,817,A,urban,1
2163,37,M,35504,49638,314,B,suburban,1
2164,41,F,23507,34024,341,B,urban,1
2165,67,M,36050,9787,842,A,suburban,1
2166,66,M,19820,28202,992,C,urban,1
2167,68,F,22835,48908,588,D,suburban,1
2168,49,M,108167,41067,832,A,urban,1
2169,58,F,115153,14360,993,A,urban,1
2170,53,M,28587,37692,995,A,urban,1
2171,51,F,115257,44219,543,C,rural,1
2172,53,F,72732,17941,960,D,urban,1
2173,19,M,66921,20993,911,A,urban,1
2174,32,F,60499,19620,866,B,suburban,1
2175,51,F,21840,25193,997,D,suburban,1
2176,53,M,118370,26248,897,B,suburban,1
2177,23,M,80077,10027,473,C,urban,1
2178,56,F,46440,9260,833,A,urban,1
2179,59,M,50183,42596,808,B,suburban,1
2180,68,M,111172,46540,543,B,urban,1
2181,68,M,17389,14012,359,C,rural,1
2182,29,M,70076,30823,403,A,suburban,1
2183,20,F,81299,13315,950,A,urban,1
2184,62,M,104461,17631,602,B,urban,1
2185,35,M,107085,23258,970,B,urban,1
2186,57,M,54023,30099,376,D,suburban,1
2187,38,M,65029,40891,317,D,urban,1
2188,32,F,54941,41992,833,A,rural,1
2189,50,M,103993,36376,483,D,urban,1
2190,52,F,68950,15977,956,A,urban,1
2191,43,M,101959,31694,849,B,urban,1
2192,25,M,91054,38978,580,C,suburban,1
2193,53,F,80363,14218,587,A,urban,1
2194,65,M,76742,26788,954,A,urban,1
2195,47,F,112896,25501,824,B,suburban,1
2196,40,F,60215,17453,997,C,urban,1
2197,59,M,62857,43197,773,B,suburban,1
2198,61,M,70476,20210,566,B,suburban,1
2199,31,F,43173,13689,908,D,rural,1
2200,31,M,24395,32381,656,C,suburban,1
2201,19,M,74768,34508,300,C,suburban,1
2202,54,M,99743,47653,326,B,urban,1
2203,22,M,118591,26142,847,A,urban,1
2204,55,F,61229,45950,459,A,urban,1
2205,62,M,41639,13916,698,C,suburban,1
2206,58,M,77583,5375,842,C,urban,1
2207,64,F,43924,36449,426,D,suburban,1
2208,31,M,87969,28797,509,A,urban,1
2209,56,M,45104,25782,449,A,suburban,1
2210,42,F,52594,32028,330,A,urban,1
2211,37,M,18664,25243,911,A,urban,1
2212,19,F,25528,34379,601,B,rural,1
2213,56,F,43190,42780,982,D,suburban,1
2214,23,M,81033,35740,556,B,urban,1
2215,34,F,76161,24984,356,B,suburban,1
2216,42,M,88177,5050,308,C,urban,1
2217,45,M,85179,11590,304,A,suburban,1
2218,19,F,85592,45205,413,D,rural,1
2219,52,F,47899,20162,984,C,urban,1
2220,54,M,85979,18105,504,A,rural,1
2221,22,F,32241,42499,323,C,urban,1
2222,18,F,61211,41641,792,B,suburban,1
2223,57,F,78472,16628,981,A,urban,1
2224,29,F,89248,47032,705,A,urban,1
2225,53,M,88757,43516,402,B,rural,1
2226,62,M,46346,26621,359,A,urban,1
2227,40,F,96196,6476,385,A,rural,1
2228,64,M,119451,45800,976,B,urban,1
2229,48,F,92124,40788,671,B,urban,1
2230,28,M,117908,29437,978,C,suburban,1
2231,27,M,57220,31240,895,D,urban,1
2232,20,M,32942,15922,501,C,urban,1
2233,31,F,64167,13066,901,B,urban,1
2234,33,M,51373,17089,388,D,rural,1
2235,27,F,82143,37600,736,C,suburban,1
2236,46,M,17016,13167,419,A,urban,0
2237,27,M,84110,17816,455,B,urban,1
2238,29,M,61309,26164,698,C,urban,1
2239,47,F,22274,25429,999,C,suburban,1
2240,58,M,30748,40001,487,D,rural,0
2241,18,M,35175,36415,351,C,suburban,1
2242,22,M,119710,13117,951,D,urban,1
2243,37,M,26826,11359,830,A,suburban,1
2244,25,F,98008,19364,779,B,rural,1
2245,60,F,49129,41965,886,D,suburban,1
2246,29,M,85009,33794,529,A,rural,1
2247,18,F,38490,15293,780,A,urban,1
2248,37,F,56435,14332,429,B,suburban,1
2249,45,M,90017,5615,354,C,suburban,1
2250,60,F,23520,17401,570,A,suburban,1
2251,54,F,106951,46936,399,C,suburban,1
2252,64,M,98106,34372,368,A,urban,1
2253,54,M,76877,47276,598,B,urban,1
2254,29,F,34798,7339,828,D,rural,1
2255,54,F,69638,21246,653,A,urban,1
2256,66,M,84072,13109,927,A,rural,1
2257,66,M,82309,28758,451,B,suburban,1
2258,61,M,44894,28091,629,B,urban,1
2259,45,F,77963,48056,415,A,rural,1
2260,64,F,69567,18317,841,B,suburban,1
2261,32,F,50326,21762,622,D,urban,1
2262,23,M,70059,8465,862,B,urban,1
2263,61,F,20079,30622,871,B,rural,1
2264,37,F,40838,11800,528,B,suburban,0
2265,67,M,102340,40539,659,B,suburban,1
2266,31,M,62109,41651,304,A,suburban,1
2267,19,F,100211,7600,327,C,urban,1
2268,26,F,40594,10518,663,D,rural,1
2269,54,M,57749,24627,761,A,urban,1
2270,37,F,51292,34369,530,C,urban,1
2271,43,M,89534,36445,694,A,urban,1
2272,46,F,94233,21689,570,C,urban,1
2273,18,F,66818,20923,603,B,suburban,1
2274,52,F,28429,43469,682,B,urban,1
2275,23,F,72748,35403,857,B,urban,1
2276,54,F,63807,5958,327,A,urban,1
2277,22,M,22140,45363,818,C,suburban,1
2278,50,F,78226,8538,498,B,urban,1
2279,66,M,29901,28404,905,A,urban,1
2280,68,M,103815,14983,381,D,suburban,1
2281,31,M,43525,40371,387,A,urban,1
2282,29,M,35491,29642,689,C,urban,1
2283,59,F,83816,18467,997,B,rural,1
2284,37,M,49980,5205,879,B,urban,1
2285,67,F,110525,32409,750,A,urban,1
2286,41,F,23078,17442,732,B,suburban,1
2287,60,M,106654,31290,673,A,suburban,1
2288,51,F,104521,31108,734,C,rural,1
2289,42,M,63704,10691,486,C,urban,1
2290,67,M,31997,43909,689,C,suburban,1
2291,46,F,94810,24504,517,D,suburban,1
2292,56,M,15868,35162,407,D,urban,1
2293,48,M,41398,44496,849,B,urban,1
2294,64,F,96578,43798,648,C,suburban,1
2295,60,F,112356,26551,821,A,urban,1
2296,67,M,36246,18383,325,D,urban,1
2297,40,F,35561,21496,347,D,urban,1
2298,61,F,31254,46716,669,A,urban,1
2299,55,F,49512,14088,313,B,urban,1
2300,37,M,115560,32444,911,D,urban,1
2301,40,F,104532,29734,486,A,urban,1
2302,62,F,109154,46745,823,B,rural,1
2303,69,F,92395,39571,578,B,urban,1
2304,33,F,72865,31415,640,B,urban,1
2305,67,M,38580,20389,627,A,rural,1
2306,59,M,85959,32744,978,A,rural,1
2307,25,M,118393,23682,933,A,urban,1
2308,67,M,87144,39310,906,D,urban,1
2309,38,F,57485,12259,324,B,suburban,1
2310,18,M,65621,17546,828,B,rural,1
2311,25,F,65665,7154,725,B,urban,1
2312,46,F,85412,13766,328,A,urban,1
2313,49,M,65603,16230,622,D,rural,1
2314,55,M,36038,22765,612,D,urban,1
2315,22,F,108542,10902,883,B,suburban,1
2316,64,F,116311,6222,569,B,suburban,1
2317,39,M,111346,32050,594,C,urban,1
2318,64,M,29325,39269,955,B,urban,1
2319,51,F,50892,14050,522,A,suburban,1
2320,18,F,16753,8574,374,B,suburban,1
2321,43,M,110067,41497,401,D,rural,1
2322,60,F,32996,16157,831,A,suburban,1
2323,27,M,83811,24575,928,B,urban,1
2324,47,M,89283,45244,985,A,suburban,1
2325,67,M,60211,22945,472,A,urban,1
2326,35,M,77820,19962,303,B,suburban,1
2327,34,M,15824,40290,778,A,urban,1
2328,43,M,28880,40159,959,D,suburban,1
2329,25,M,81617,29852,694,B,suburban,1
2330,64,M,26517,35684,925,A,suburban,1
2331,57,M,36683,49842,466,B,rural,0
2332,66,F,31876,16796,599,C,urban,1
2333,29,M,118068,29450,417,A,urban,1
2334,44,M,71354,39846,811,B,urban,1
2335,25,F,88802,22504,911,C,rural,1
2336,42,F,91719,35041,474,A,urban,1
2337,63,M,101602,15715,458,D,urban,1
2338,21,F,93413,26803,683,A,rural,1
2339,50,F,24982,8370,526,A,rural,0
2340,18,F,89504,6908,337,B,rural,1
2341,36,M,41598,42075,762,A,urban,1
2342,48,F,29639,26134,730,C,rural,1
2343,33,M,85210,49065,947,B,suburban,1
2344,31,F,84852,8587,403,A,suburban,1
2345,65,F,24695,35023,492,D,urban,1
2346,22,M,63582,7413,549,C,suburban,1
2347,58,F,46094,30038,312,B,urban,1
2348,43,M,75635,27555,866,B,urban,1
2349,45,F,37187,15952,896,A,suburban,1
2350,19,M,16214,8457,920,C,urban,1
2351,67,M,38940,13464,854,D,urban,1
2352,23,M,59406,6150,687,A,urban,1
2353,26,F,106221,37264,370,B,suburban,1
2354,50,M,58481,45222,870,B,urban,1
2355,58,M,30977,49349,737,B,suburban,1
2356,42,M,59839,37786,343,C,suburban,1
2357,65,F,72874,14808,571,A,suburban,1
2358,30,F,73414,43345,313,A,urban,1
2359,26,M,116440,9081,670,A,suburban,1
2360,30,M,40538,44222,411,B,urban,0
2361,48,M,119922,13933,678,A,urban,1
2362,58,M,118569,7671,613,D,suburban,1
2363,28,M,71241,48739,714,C,rural,1
2364,21,F,88501,36217,784,A,urban,1
2365,51,M,90133,44155,468,C,suburban,1
2366,55,M,75481,44601,545,C,rural,1
2367,63,M,42740,24008,565,A,rural,1
2368,21,F,78328,26883,542,A,urban,1
2369,55,F,87105,38282,969,A,suburban,1
2370,36,F,65643,37974,599,A,urban,1
2371,23,M,118517,38715,626,D,suburban,1
2372,51,M,26881,48401,829,B,urban,1
2373,35,M,51996,20380,894,D,suburban,1
2374,30,M,47177,23212,641,C,rural,1
2375,58,F,52177,33174,978,A,rural,1
2376,40,F,81126,11861,853,D,rural,1
2377,36,F,71531,11094,548,A,urban,1
2378,62,F,41119,44113,679,A,urban,1
2379,28,M,42915,29363,831,C,suburban,1
2380,18,F,17708,27310,680,B,suburban,1
2381,41,M,53749,44300,341,B,urban,1
2382,24,M,59989,10943,644,C,urban,1
2383,42,F,37106,19569,898,D,rural,1
2384,38,M,32131,47616,560,B,rural,1
2385,32,M,61553,13793,605,B,urban,1
2386,18,M,73144,43207,539,B,urban,1
2387,29,F,21553,30287,978,C,suburban,1
2388,24,F,32881,38971,612,A,rural,1
2389,32,M,16379,47351,740,D,suburban,1
2390,38,F,105791,36369,432,C,rural,1
2391,36,M,84306,28023,350,C,suburban,1
2392,46,M,34726,28897,917,D,rural,1
2393,42,F,24088,28010,691,D,suburban,1
2394,50,F,49314,45154,995,A,rural,1
2395,66,F,70041,40899,822,A,rural,1
2396,49,M,119512,25114,807,C,urban,1
2397,66,F,31350,24050,961,D,urban,1
2398,52,F,114599,26125,653,C,rural,1
2399,61,F,96397,33558,694,B,urban,1
2400,55,M,94509,49846,395,C,urban,1
2401,43,F,32769,25396,405,A,rural,1
2402,28,F,62249,32125,954,D,rural,1
2403,52,M,97862,27580,977,B,urban,1
2404,25,M,116584,43973,812,D,urban,1
2405,63,M,61365,28574,857,B,urban,1
2406,31,F,65185,29619,541,D,urban,1
2407,27,F,17786,18869,787,B,rural,1
2408,19,F,115537,5658,814,C,suburban,1
2409,63,F,16620,17122,953,D,rural,1
2410,26,F,51303,48827,360,C,urban,1
2411,20,M,34589,18335,715,C,urban,1
2412,38,M,17882,26677,593,A,rural,1
2413,43,M,77248,33223,601,B,urban,1
2414,25,M,64322,34814,469,D,urban,1
2415,65,M,39524,23075,945,A,rural,1
2416,19,F,24745,48185,340,C,rural,1
2417,23,M,117201,16258,530,C,suburban,1
2418,45,M,30861,35527,708,A,suburban,1
2419,46,M,106707,15139,950,A,urban,1
2420,43,M,106735,47325,921,B,rural,1
2421,42,F,69261,45503,596,A,rural,1
2422,29,F,17837,24514,754,D,urban,1
2423,22,F,89135,25917,356,C,urban,1
2424,51,M,96447,34097,934,B,rural,1
2425,65,F,69380,22788,539,A,urban,1
2426,54,F,101089,30061,897,C,rural,1
2427,32,F,64831,14947,475,B,rural,1
2428,61,M,104349,20544,362,A,rural,1
2429,53,F,53255,25014,850,B,suburban,1
2430,32,F,44520,19795,437,D,urban,1
2431,60,F,44541,37632,753,A,urban,1
2432,65,F,80772,24352,748,B,suburban,1
2433,40,M,42350,28653,525,D,urban,1
2434,23,F,59397,6579,742,A,suburban,1
2435,63,M,92085,36758,505,D,urban,1
2436,67,F,78865,48755,975,B,urban,1
2437,61,M,70956,43760,326,A,urban,1
2438,60,M,42453,37818,756,A,rural,1
2439,62,M,77345,11452,994,A,urban,1
2440,38,F,115727,42921,406,A,urban,1
2441,40,M,27906,20340,743,A,urban,1
2442,60,F,29988,7787,335,B,urban,1
2443,33,F,42723,20839,896,A,rural,1
2444,64,M,48800,7155,454,C,suburban,1
2445,32,M,54107,12019,468,D,urban,1
2446,42,M,42430,25614,571,D,urban,1
2447,53,F,47535,31190,846,B,rural,1
2448,28,F,83476,45375,719,D,suburban,1
2449,68,M,102329,15928,483,A,urban,1
2450,32,M,92798,13598,910,A,urban,1
2451,21,F,67284,49339,536,A,urban,1
2452,38,F,71232,25581,808,C,urban,1
2453,30,F,59420,49655,740,D,rural,1
2454,39,F,52710,18919,421,C,urban,1
2455,36,M,87497,43180,716,B,rural,1
2456,51,M,107035,9499,834,C,urban,1
2457,31,M,55498,42677,674,A,urban,1
2458,21,M,46283,48862,874,B,rural,1
2459,65,M,81169,30602,625,B,urban,1
2460,69,M,87358,34692,779,A,suburban,1
2461,63,M,77457,45422,449,A,rural,1
2462,44,F,40968,26760,891,C,rural,1
2463,46,F,77508,7920,789,B,urban,1
2464,64,F,119791,29085,452,B,urban,1
2465,45,F,78220,27925,316,B,suburban,1
2466,52,M,100366,10615,850,D,urban,1
2467,25,F,20738,42083,647,B,urban,1
2468,33,M,18098,7783,758,A,urban,1
2469,59,F,110424,14605,501,B,suburban,1
2470,53,M,88633,49608,722,C,urban,1
2471,47,F,93672,24192,579,A,rural,1
2472,35,M,53244,8331,721,B,suburban,1
2473,19,M,23253,36856,899,B,urban,1
2474,66,F,69333,7846,764,B,rural,1
2475,30,M,65969,38697,654,B,urban,1
2476,21,F,105744,42586,881,C,urban,1
2477,43,F,85423,40030,677,D,urban,1
2478,42,F,59411,17775,423,D,rural,1
2479,47,F,90028,12549,379,C,urban,1
2480,28,F,50421,27437,856,B,urban,1
2481,24,M,16454,28958,532,D,rural,0
2482,48,F,32522,29243,779,D,urban,1
2483,61,F,53575,47177,453,D,rural,1
2484,27,F,18192,47424,991,A,urban,1
2485,56,M,70268,33984,708,A,rural,1
2486,30,F,96311,41942,330,D,suburban,1
2487,48,F,25402,42538,896,D,rural,1
2488,24,F,93610,10833,856,B,rural,1
2489,66,M,95781,28386,802,D,rural,1
2490,59,M,51527,39813,670,C,urban,1
2491,59,M,67181,38805,622,B,rural,1
2492,53,F,106472,11242,631,B,suburban,1
2493,37,F,42002,33704,542,B,urban,1
2494,21,M,96219,47419,851,B,rural,1
2495,24,M,27460,29832,729,D,urban,1
2496,18,M,45482,17321,481,B,urban,1
2497,61,M,31447,43930,772,D,urban,1
2498,62,F,63228,37407,675,D,suburban,1
2499,59,F,98265,9073,380,A,suburban,1
2500,64,M,65126,22667,849,A,suburban,1
2501,30,F,35545,21035,719,C,urban,1
2502,39,M,70114,11732,766,A,suburban,1
2503,38,F,108740,8487,727,C,rural,1
2504,39,M,90350,39952,356,A,urban,1
2505,45,M,72801,34425,621,B,suburban,1
2506,26,M,28890,24571,841,A,urban,1
2507,43,F,67482,34075,794,A,urban,1
2508,26,F,78397,47185,565,A,suburban,1
2509,32,F,16740,10495,526,D,urban,1
2510,27,M,45121,23681,353,B,suburban,1
2511,41,M,26218,19781,908,D,suburban,1
2512,59,M,86591,44865,303,D,urban,1
2513,25,F,103241,13469,738,D,urban,1
2514,41,M,49722,21202,609,B,rural,1
2515,33,F,64431,24928,902,C,urban,1
2516,66,F,66543,15985,388,A,suburban,1
2517,43,F,57000,44599,619,A,rural,1
2518,44,M,86975,21775,674,D,rural,1
2519,54,M,45921,5968,903,A,suburban,1
2520,21,M,114265,15382,800,D,urban,1
2521,67,F,103747,10151,961,C,urban,1
2522,41,F,45614,31804,533,B,urban,1
2523,36,M,76189,48586,636,A,suburban,1
2524,53,M,32601,37259,870,C,urban,1
2525,56,F,108332,25748,484,B,rural,1
2526,27,F,86543,24691,737,C,suburban,1
2527,42,M,35514,37020,855,B,urban,1
2528,35,F,98312,48560,479,A,urban,1
2529,36,M,82612,32256,375,B,suburban,1
2530,53,M,105886,11125,955,B,urban,1
2531,27,F,119500,9370,912,A,suburban,1
2532,50,F,31292,9838,571,A,rural,1
2533,67,F,46510,8134,354,B,rural,0
2534,22,M,43000,48199,376,C,suburban,1
2535,64,F,45383,16556,595,C,rural,1
2536,66,M,26785,38822,518,A,suburban,1
2537,52,M,55910,32977,576,C,urban,1
2538,61,F,54028,25113,877,C,suburban,1
2539,51,M,39855,35566,947,B,urban,1
2540,50,F,39281,7669,565,B,urban,1
2541,38,F,19841,21081,342,B,suburban,1
2542,34,M,112204,17938,660,A,rural,1
2543,39,M,75155,10717,527,B,suburban,1
2544,65,M,41918,17282,526,B,urban,1
2545,54,M,71313,47065,362,B,suburban,1
2546,32,F,32443,19201,470,D,urban,1
2547,52,F,47250,21289,606,B,urban,1
2548,45,M,16922,29406,867,C,rural,1
2549,24,M,46976,36286,982,D,urban,1
2550,49,F,26991,17873,333,A,urban,1
2551,28,F,119405,21512,941,D,suburban,1
2552,27,M,68744,33927,429,A,urban,1
2553,26,M,37733,28461,693,D,suburban,1
2554,31,F,17473,25710,450,A,suburban,1
2555,30,M,23108,24952,954,B,suburban,1
2556,42,M,43715,18448,929,C,urban,1
2557,19,F,47210,20198,683,D,urban,1
2558,52,F,52317,12622,316,A,urban,1
2559,24,F,80516,45848,893,C,suburban,1
2560,38,F,48362,7402,313,C,urban,1
2561,35,F,69604,41324,380,A,urban,1
2562,20,M,19889,33467,506,B,rural,1
2563,59,M,104557,39961,503,B,urban,1
2564,56,M,88748,48007,678,B,rural,1
2565,58,M,46971,25739,843,C,rural,1
2566,66,F,65551,23518,322,D,rural,1
2567,28,F,18201,31547,913,C,rural,1
2568,56,F,104882,33936,461,D,suburban,1
2569,41,F,52958,25287,909,A,suburban,1
2570,63,M,94251,46351,443,A,suburban,1
2571,36,M,20681,30476,403,D,urban,1
2572,21,F,116982,17875,681,D,urban,1
2573,43,F,61870,15686,754,A,urban,1
2574,55,F,97256,22536,716,B,urban,1
2575,59,F,82203,39062,623,D,suburban,1
2576,49,F,43152,30041,470,A,rural,1
2577,56,F,65061,36653,875,A,rural,1
2578,62,M,72619,26673,882,C,urban,1
2579,63,F,73235,15367,573,D,urban,1
2580,53,F,88740,24629,751,C,suburban,1
2581,57,M,52890,28100,424,C,urban,1
2582,54,F,105073,11654,682,B,rural,1
2583,50,M,76401,30063,616,C,suburban,1
2584,53,F,26217,24322,406,A,suburban,1
2585,20,M,63351,24010,959,D,urban,1
2586,26,F,48741,17693,762,B,urban,1
2587,25,M,35654,14241,729,C,urban,1
2588,50,F,76314,34778,636,D,suburban,1
2589,23,M,16408,41843,795,A,rural,0
2590,58,M,57903,17651,661,D,urban,1
2591,56,M,99208,30966,731,B,urban,1
2592,21,F,16218,14275,974,B,suburban,1
2593,30,M,65572,6658,819,A,urban,1
2594,66,M,73798,33963,705,D,rural,1
2595,19,F,116681,11932,676,D,urban,1
2596,22,F,45105,19248,451,A,rural,1
2597,61,F,84634,29437,621,A,rural,1
2598,44,M,80063,44727,906,D,rural,1
2599,49,F,22619,23201,513,A,urban,1
2600,38,M,26939,46150,875,C,urban,1
2601,25,M,33226,29355,364,C,rural,1
2602,55,F,40322,19999,569,D,rural,1
2603,25,F,73215,11376,836,B,suburban,1
2604,67,F,31878,8476,399,B,urban,1
2605,20,M,21560,9366,404,D,urban,1
2606,61,M,53278,30733,430,A,rural,1
2607,20,M,51212,17458,688,A,urban,1
2608,39,F,109835,37795,620,A,urban,1
2609,23,M,88079,25615,737,D,urban,1
2610,19,M,38946,16164,318,C,suburban,1
2611,40,M,46740,44316,524,A,urban,1
2612,61,F,22253,8024,917,C,suburban,1
2613,19,M,94311,34559,865,B,urban,1
2614,55,F,47813,6264,759,D,urban,1
2615,34,M,79331,14047,693,A,suburban,1
2616,52,F,42632,49985,525,C,urban,1
2617,51,M,63365,11587,659,C,urban,1
2618,40,F,82593,11577,729,A,suburban,1
2619,47,F,48431,22635,314,D,urban,1
2620,69,M,52436,8870,859,A,urban,1
2621,25,F,33413,39094,950,C,rural,1
2622,39,M,110761,14217,845,C,rural,1
2623,61,F,53485,22602,713,C,urban,1
2624,53,F,83232,5605,654,A,urban,1
2625,22,M,31101,27343,756,D,urban,1
2626,30,M,23831,18003,830,A,rural,1
2627,46,M,99583,48257,495,C,suburban,1
2628,48,M,66897,37089,414,C,urban,1
2629,64,M,20004,22661,716,D,rural,1
2630,33,M,103241,21782,651,C,suburban,1
2631,59,M,60924,35029,374,A,urban,1
2632,47,F,36509,18487,961,D,urban,1
2633,33,M,52170,44042,335,A,urban,1
2634,29,M,58555,27065,541,A,rural,1
2635,34,F,29662,15844,962,D,suburban,1
2636,33,M,119216,24323,362,B,urban,1
2637,29,M,80930,30397,965,A,suburban,1
2638,25,M,62403,22328,808,B,suburban,1
2639,37,F,51365,48739,487,A,urban,1
2640,20,F,77188,43733,392,A,urban,1
2641,33,M,91060,34715,304,A,suburban,1
2642,47,F,113633,44116,737,C,urban,1
2643,62,F,41673,22580,465,C,urban,1
2644,40,F,78471,5823,745,C,urban,1
2645,45,F,32156,31472,324,A,urban,1
2646,68,F,72287,12084,807,C,suburban,1
2647,57,M,16645,17455,397,B,urban,1
2648,22,M,74076,15607,567,B,suburban,1
2649,37,M,109585,21919,961,D,urban,1
2650,57,F,90351,24394,692,B,suburban,1
2651,61,F,65151,15819,895,C,urban,1
2652,18,F,82384,16969,584,D,suburban,1
2653,47,F,114865,22333,983,B,suburban,1
2654,38,M,48541,16700,408,B,suburban,1
2655,37,F,87847,36792,326,B,suburban,1
2656,23,F,102099,38311,354,A,urban,1
2657,39,F,95739,41668,432,C,rural,1
2658,35,F,65955,16945,351,C,rural,1
2659,25,F,24290,41992,792,A,suburban,1
2660,56,M,115354,40634,597,A,rural,1
2661,49,F,73942,23630,698,D,urban,1
2662,50,M,97667,46036,890,B,urban,1
2663,33,F,45143,29944,317,A,suburban,1
2664,29,F,39509,28360,918,A,rural,1
2665,55,M,102780,17813,858,C,urban,1
2666,69,F,51741,9601,545,A,suburban,1
2667,51,M,41898,17930,802,A,rural,1
2668,31,M,114919,9333,388,C,rural,1
2669,53,M,100674,10399,502,C,urban,1
2670,50,F,77948,22839,539,B,urban,1
2671,40,F,76768,45204,789,A,urban,1
2672,67,F,58262,25195,312,B,suburban,1
2673,62,M,20506,32848,948,A,rural,1
2674,19,F,35605,28693,614,B,suburban,1
2675,58,F,93590,45854,984,A,rural,1
2676,38,M,43231,41450,497,A,suburban,1
2677,19,M,94397,6854,542,B,suburban,1
2678,44,M,92123,36558,806,D,urban,1
2679,26,F,28515,7985,342,A,urban,1
2680,18,F,102211,48585,629,B,urban,1
2681,28,F,53622,24278,890,B,urban,1
2682,20,M,31600,45264,728,B,urban,1
2683,69,F,42892,38326,912,D,urban,1
2684,40,M,98279,24280,461,B,urban,1
2685,43,M,84310,39022,955,D,suburban,1
2686,21,F,36801,20667,920,A,urban,1
2687,35,M,52695,23065,734,D,suburban,1
2688,23,F,43853,26655,532,A,suburban,1
2689,52,M,19429,15006,410,A,suburban,1
2690,39,F,19606,11283,531,A,suburban,1
2691,60,M,19478,46622,572,A,suburban,1
2692,32,F,98816,8325,897,B,rural,1
2693,39,M,55134,35783,340,B,urban,1
2694,54,M,84963,8143,859,C,urban,1
2695,69,F,85897,40805,765,A,urban,1
2696,59,M,40475,17417,376,B,suburban,1
2697,29,F,81177,36300,989,B,urban,1
2698,64,F,36730,31526,789,C,urban,1
2699,66,M,36113,33896,416,A,urban,1
2700,59,M,35011,42443,733,A,suburban,1
2701,55,F,70746,32606,318,B,suburban,1
2702,35,F,57853,44916,870,D,urban,1
2703,62,F,100195,12551,495,C,urban,1
2704,52,F,51818,40436,918,A,rural,1
2705,47,F,52321,7246,750,A,suburban,1
2706,41,M,36309,44421,724,A,urban,1
2707,59,F,33688,48901,693,B,rural,1
2708,47,F,43176,12649,583,B,urban,1
2709,31,M,83879,46209,333,A,urban,1
2710,23,M,82592,5888,594,B,urban,1
2711,20,M,99728,46983,550,B,rural,1
2712,33,M,104012,34424,937,B,urban,1
2713,24,F,24416,46559,638,A,urban,1
2714,69,M,54994,16075,917,B,rural,1
2715,31,M,81422,27699,739,B,suburban,1
2716,26,M,23584,14950,479,D,suburban,0
2717,32,F,108302,10413,921,C,urban,1
2718,38,F,33830,44305,527,A,urban,1
2719,52,M,100825,8569,932,A,rural,1
2720,19,M,92066,6242,918,B,suburban,1
2721,44,F,18591,42097,942,B,rural,1
2722,19,F,108878,35085,322,D,rural,1
2723,52,M,36395,15487,956,B,suburban,1
2724,35,M,69182,23309,626,D,urban,1
2725,31,M,31738,35771,453,B,urban,1
2726,37,M,17631,31638,918,D,urban,1
2727,35,F,32905,41163,445,C,urban,0
2728,27,F,34056,26615,551,C,rural,0
2729,42,M,104082,13039,601,B,urban,1
2730,19,F,50447,13198,369,D,rural,1
2731,42,M,69418,39354,842,A,rural,1
2732,50,F,52190,8824,392,D,rural,1
2733,53,F,41014,28999,948,C,rural,1
2734,48,M,87999,8436,462,B,suburban,1
2735,31,M,65278,33014,380,D,rural,1
2736,18,F,16780,45857,887,D,suburban,1
2737,63,M,106643,21057,362,C,suburban,1
2738,33,M,74258,6310,911,A,suburban,1
2739,63,F,112123,14819,735,D,suburban,1
2740,69,F,57192,18457,347,C,urban,1
2741,20,M,74300,5477,744,C,urban,1
2742,52,F,119875,13906,373,D,urban,1
2743,58,M,105504,14868,841,A,urban,1
2744,23,F,114129,23546,456,A,urban,1
2745,42,F,58923,38276,786,B,rural,1
2746,30,F,104196,12319,565,A,suburban,1
2747,51,M,17395,38149,555,C,urban,1
2748,25,F,117449,6845,338,A,rural,1
2749,38,F,112384,28684,354,A,rural,1
2750,51,M,30779,34858,327,B,rural,1
2751,21,M,86028,47678,417,B,suburban,1
2752,42,M,44722,31667,669,A,urban,1
2753,32,M,22111,30293,508,A,urban,1
2754,21,F,24984,29893,886,B,suburban,1
2755,62,M,112552,9629,876,C,urban,1
2756,29,M,108176,10704,911,D,urban,1
2757,49,F,87328,6776,857,A,rural,1
2758,49,M,41924,36236,615,B,suburban,1
2759,45,F,67703,6244,692,A,urban,1
2760,30,M,47577,6333,743,B,urban,1
2761,48,F,22711,8669,967,D,urban,1
2762,31,F,100548,22584,558,B,urban,1
2763,37,F,114869,32277,947,B,suburban,1
2764,35,M,116971,6933,497,A,urban,1
2765,46,F,119763,38514,998,D,rural,1
2766,23,M,19096,46800,927,B,rural,1
2767,49,M,81555,29357,744,B,suburban,1
2768,46,M,104848,32071,869,B,suburban,1
2769,60,F,90012,11827,881,A,urban,1
2770,19,M,23254,35844,904,D,suburban,1
2771,40,F,112955,30664,948,A,suburban,1
2772,36,M,92120,5792,916,C,suburban,1
2773,48,M,20965,44695,604,B,urban,1
2774,68,F,92000,22651,638,A,urban,1
2775,22,M,92975,47510,828,A,urban,1
2776,36,F,72987,44137,353,C,suburban,1
2777,51,M,118025,24074,411,B,suburban,1
2778,27,F,47963,12874,983,A,suburban,1
2779,42,F,108976,21676,718,A,suburban,1
2780,19,M,18273,44632,604,C,urban,1
2781,28,M,30330,41790,737,D,rural,1
2782,67,F,36494,23032,955,D,suburban,1
2783,48,F,91422,35885,384,B,urban,1
2784,32,M,18212,16008,823,B,suburban,1
2785,26,M,116059,49870,551,A,suburban,1
2786,40,F,98441,48878,425,A,urban,1
2787,36,F,102594,10171,909,D,suburban,1
2788,26,M,16080,14589,704,C,rural,0
2789,52,M,47675,23077,603,C,urban,1
2790,38,M,37007,11710,327,B,urban,1
2791,26,F,97641,25236,565,D,urban,1
2792,45,M,110815,43227,351,D,rural,1
2793,63,F,61815,19937,954,B,urban,1
2794,68,M,98482,14754,943,A,urban,1
2795,24,M,15639,30688,810,B,urban,1
2796,33,F,78593,12048,506,A,urban,1
2797,33,F,93038,27568,873,D,urban,1
2798,50,F,118494,37047,810,B,urban,1
2799,21,M,108899,14483,943,B,urban,1
2800,21,F,18736,22545,852,B,urban,1
2801,56,F,31473,22413,500,B,rural,1
2802,57,M,49019,33913,910,A,rural,1
2803,34,M,101623,38746,583,D,urban,1
2804,54,M,109025,13709,656,A,suburban,1
2805,56,M,51820,30358,346,C,suburban,1
2806,69,F,99861,16023,436,C,urban,1
2807,46,M,72589,34851,429,A,urban,1
2808,69,F,80807,33756,494,D,suburban,1
2809,53,F,33414,16145,928,B,urban,1
2810,55,F,39220,26192,663,C,suburban,1
2811,56,F,75531,23839,731,C,suburban,1
2812,67,M,57425,32410,368,B,suburban,1
2813,54,M,24387,45160,757,A,rural,1
2814,69,M,91815,16447,839,C,suburban,1
2815,52,F,42584,26033,634,B,rural,1
2816,24,M,59783,46355,825,A,suburban,1
2817,44,F,54809,15129,857,C,urban,1
2818,45,M,69327,35358,315,C,suburban,1
2819,39,M,25857,18907,755,B,suburban,1
2820,31,M,57261,26637,809,A,suburban,1
2821,24,F,88588,43196,508,B,urban,1
2822,54,F,31995,27369,457,A,urban,1
2823,39,M,28580,34481,636,B,rural,1
2824,22,F,33240,36681,540,D,rural,1
2825,19,M,98446,7589,357,A,urban,1
2826,44,F,90752,28560,604,A,urban,1
2827,38,F,119533,8034,644,C,rural,1
2828,55,M,61111,5169,941,A,urban,1
2829,32,F,105447,31913,313,A,urban,1
2830,38,M,49866,8239,658,C,suburban,1
2831,27,F,95974,8415,676,C,suburban,1
2832,40,M,88401,24952,542,C,urban,1
2833,56,F,97093,16408,444,C,suburban,1
2834,22,M,27211,8484,714,B,suburban,1
2835,18,F,73985,23225,693,D,suburban,1
2836,30,F,48268,19923,914,A,urban,1
2837,38,F,18646,25936,657,B,urban,1
2838,43,F,70371,44612,875,B,urban,1
2839,67,F,57816,24410,457,A,urban,1
2840,62,M,104460,34997,973,B,urban,1
2841,38,M,59112,41733,317,B,urban,1
2842,35,M,66048,44952,860,B,urban,1
2843,54,F,69911,26863,867,B,urban,1
2844,62,M,90446,10380,646,C,urban,1
2845,49,F,16778,25710,357,C,urban,1
2846,53,F,60752,20285,454,A,suburban,1
2847,34,M,99977,32260,866,B,urban,1
2848,52,M,85726,37879,786,A,urban,1
2849,66,M,95840,21143,830,A,urban,1
2850,28,M,42289,12413,786,C,suburban,1
2851,38,M,59788,36578,450,A,urban,1
2852,69,M,19747,19726,658,A,rural,1
2853,43,F,89822,32015,667,A,suburban,1
2854,21,F,15045,10983,919,D,urban,1
2855,51,M,110278,24178,346,A,suburban,1
2856,69,M,22758,31990,506,C,suburban,1
2857,65,M,38437,15321,749,A,urban,1
2858,35,F,34585,48829,782,C,urban,1
2859,57,F,113759,41366,939,D,suburban,1
2860,52,M,24854,39294,996,B,rural,1
2861,58,M,67076,45677,869,D,urban,1
2862,46,F,71950,39737,442,C,urban,1
2863,69,F,32349,46911,699,C,urban,1
2864,46,M,111228,22886,396,C,suburban,1
2865,55,F,36348,49296,346,A,suburban,1
2866,59,M,49296,27791,490,B,urban,1
2867,38,M,116280,13301,439,D,suburban,1
2868,59,F,34455,40122,914,B,urban,1
2869,30,F,93824,43087,530,D,suburban,1
2870,66,M,69021,37993,639,B,urban,1
2871,58,F,86923,40779,790,B,suburban,1
2872,34,M,115825,41894,348,C,rural,1
2873,26,F,54293,38381,923,D,suburban,1
2874,58,M,114430,19082,752,B,urban,1
2875,18,F,103552,10458,615,A,suburban,1
2876,19,F,61116,46770,621,C,suburban,1
2877,65,M,55484,27300,386,D,rural,1
2878,46,F,45215,7699,773,C,urban,1
2879,50,F,96638,34485,581,A,suburban,1
2880,27,F,18404,45285,373,A,urban,1
2881,67,M,52260,6019,752,D,urban,1
2882,57,F,115647,37471,346,A,urban,1
2883,38,F,80642,25270,887,B,urban,1
2884,45,M,95731,27615,395,A,urban,1
2885,28,F,61009,18698,330,A,urban,1
2886,51,M,107689,43346,833,B,urban,1
2887,25,M,44605,11729,316,A,suburban,1
2888,39,F,68205,44729,511,C,urban,1
2889,25,F,52569,16171,959,B,rural,1
2890,66,F,20580,18947,534,B,suburban,0
2891,32,M,20400,39725,691,B,rural,1
2892,34,F,54643,24450,653,D,suburban,1
2893,40,M,111185,18300,604,C,urban,1
2894,41,M,111032,24064,898,A,suburban,1
2895,62,M,101173,9441,849,A,suburban,1
2896,36,F,54015,24332,864,B,suburban,1
2897,22,F,86713,25115,839,D,rural,1
2898,49,F,87805,38869,888,B,suburban,1
2899,61,F,29974,26868,808,A,urban,1
2900,18,M,29037,46997,694,C,rural,1
2901,40,F,99292,25615,730,C,suburban,1
2902,54,M,31167,18615,984,B,urban,1
2903,25,M,103754,19732,861,A,suburban,1
2904,30,M,105703,30367,476,A,suburban,1
2905,25,F,58148,47738,705,A,suburban,1
2906,40,F,87153,5981,600,A,rural,1
2907,60,F,36534,26554,744,D,urban,1
2908,18,M,105995,30319,426,A,suburban,1
2909,62,M,101078,21130,648,C,rural,1
2910,68,F,71879,23815,320,B,suburban,1
2911,41,M,80839,13566,719,B,urban,1
2912,52,F,44756,31329,451,D,urban,1
2913,41,F,27683,11349,459,C,suburban,1
2914,34,M,64485,15728,779,D,urban,1
2915,22,F,113231,45316,742,A,rural,1
2916,37,F,26025,23375,395,A,urban,1
2917,38,M,101426,26814,651,A,suburban,1
2918,57,F,33715,41214,374,A,urban,1
2919,48,M,85097,26545,893,B,suburban,1
2920,63,F,113383,23953,939,D,suburban,1
2921,53,F,117067,7872,658,A,urban,1
2922,28,F,107943,14368,432,D,suburban,1
2923,69,F,102116,39103,699,B,urban,1
2924,32,M,90705,10413,438,C,suburban,1
2925,36,F,32116,34269,545,A,suburban,1
2926,24,M,51744,25156,590,A,urban,1
2927,68,F,102579,18423,411,D,urban,1
2928,45,F,17124,43062,469,A,suburban,0
2929,68,M,119956,47805,898,C,urban,1
2930,60,M,53051,6987,930,B,urban,1
2931,22,F,22176,42597,909,D,suburban,1
2932,22,F,106310,23369,539,C,urban,1
2933,47,M,79818,32868,636,A,suburban,1
2934,49,M,33676,16434,437,B,suburban,1
2935,25,M,60177,19548,893,A,urban,1
2936,27,F,105296,21636,535,B,urban,1
2937,55,M,15997,37383,947,A,suburban,1
2938,64,F,74330,47196,302,B,urban,1
2939,49,M,58769,22007,870,A,urban,1
2940,65,F,117968,40924,415,D,suburban,1
2941,45,M,93653,35211,771,B,suburban,1
2942,34,F,26231,16328,430,D,urban,0
2943,48,M,110287,8389,782,A,suburban,1
2944,25,F,87976,14458,700,C,suburban,1
2945,57,M,100447,7945,500,B,suburban,1
2946,42,F,70965,14352,591,B,suburban,1
2947,26,F,96144,15486,641,D,rural,1
2948,19,M,110201,46400,909,D,urban,1
2949,32,F,76517,7092,515,A,urban,1
2950,67,F,107693,41527,935,D,urban,1
2951,20,M,109315,10112,884,C,urban,1
2952,66,M,110504,21937,665,D,urban,1
2953,53,M,42387,42672,941,B,urban,1
2954,21,F,19090,6112,768,D,suburban,1
2955,31,F,39945,40545,717,D,urban,1
2956,58,M,55239,36740,326,A,suburban,0
2957,58,F,18743,28481,976,B,urban,1
2958,42,F,45924,15025,754,A,rural,1
2959,67,F,25196,39082,879,B,suburban,1
2960,27,F,106815,18562,313,D,suburban,1
2961,38,F,83860,16304,397,C,rural,1
2962,53,F,56400,12015,578,C,rural,1
2963,29,M,100177,49885,789,B,suburban,1
2964,44,F,108018,10710,923,A,urban,1
2965,57,M,113530,17588,506,A,suburban,1
2966,19,M,95399,25967,532,C,urban,1
2967,30,M,63795,26904,872,A,urban,1
2968,49,F,66553,29256,896,A,urban,1
2969,48,F,118022,30052,994,B,urban,1
2970,33,M,118976,20436,538,A,urban,1
2971,49,M,39111,26815,549,A,urban,1
2972,49,M,78083,20196,882,A,urban,1
2973,51,F,76600,23089,896,D,urban,1
2974,28,M,65022,22604,605,A,urban,1
2975,27,F,18199,7506,762,D,suburban,1
2976,32,M,65897,37584,535,A,urban,1
2977,34,M,53038,25709,590,D,rural,1
2978,57,M,70038,49840,338,B,urban,1
2979,35,M,22897,43247,482,D,rural,1
2980,26,F,79541,48202,998,D,urban,1
2981,42,M,29892,8090,944,B,rural,1
2982,57,M,23271,44265,329,D,urban,1
2983,31,M,118462,26552,687,B,suburban,1
2984,42,M,39815,34135,442,C,urban,0
2985,67,M,60612,19691,914,B,suburban,1
2986,39,M,48357,44761,718,D,urban,1
2987,69,F,90088,38741,373,D,suburban,1
2988,47,F,31267,26661,354,A,suburban,0
2989,37,M,33268,46025,871,B,rural,1
2990,38,M,29263,11092,323,D,suburban,1
2991,61,F,85935,40674,321,C,urban,1
2992,49,M,110347,5570,727,D,urban,1
2993,68,M,74660,17084,331,A,suburban,1
2994,63,M,80527,5307,638,B,urban,1
2995,66,M,78379,8742,814,B,rural,1
2996,38,F,109542,46742,811,A,urban,1
2997,52,M,56271,33792,369,B,suburban,1
2998,49,F,81612,5765,971,B,suburban,1
2999,47,M,22235,46732,387,A,urban,1
3000,56,M,103757,29198,870,A,suburban,1
3001,66,F,31417,12735,518,A,urban,1
3002,29,M,113075,21202,888,C,urban,1
3003,58,F,49609,16377,569,B,rural,1
3004,64,M,117785,19297,950,A,urban,1
3005,35,F,48902,13036,377,B,suburban,1
3006,38,M,38645,45364,891,A,suburban,1
3007,30,F,77873,29369,309,D,suburban,1
3008,38,M,102218,39817,767,A,urban,1
3009,25,F,79558,42443,635,D,suburban,1
3010,63,M,77233,6663,935,B,urban,1
3011,57,F,38401,44244,485,D,urban,1
3012,63,M,22771,17028,845,A,rural,1
3013,24,F,56335,24823,420,A,urban,1
3014,40,M,89451,20077,891,D,suburban,1
3015,61,M,94434,44911,864,A,urban,1
3016,49,M,82449,24631,967,C,urban,1
3017,28,M,117601,6910,573,B,urban,1
3018,39,M,107604,38500,709,C,urban,1
3019,39,F,16942,24897,657,D,urban,1
3020,60,F,35388,42377,946,D,urban,1
3021,42,M,98251,16134,397,B,suburban,1
3022,39,F,72042,42224,540,B,urban,1
3023,45,F,68740,31897,856,D,urban,1
3024,46,M,80873,41103,413,D,urban,1
3025,30,F,62024,12056,786,A,suburban,1
3026,35,F,38450,33950,540,B,urban,1
3027,19,F,71965,7753,455,A,rural,1
3028,46,M,25057,36941,651,D,urban,1
3029,38,F,108249,39140,343,A,urban,1
3030,32,M,23983,19234,891,B,urban,1
3031,69,M,34995,14636,611,C,urban,1
3032,44,M,117004,8376,437,D,suburban,1
3033,67,F,106628,35783,962,D,urban,1
3034,48,F,92681,46249,735,A,urban,1
3035,32,F,53886,48025,442,B,urban,1
3036,68,F,104025,21447,598,D,urban,1
3037,40,M,111572,25329,861,C,rural,1
3038,41,M,110149,21713,561,C,rural,1
3039,61,M,109020,9858,811,C,urban,1
3040,30,M,17673,24472,972,B,urban,1
3041,39,F,49890,21524,361,C,rural,1
3042,60,F,92513,9539,866,A,suburban,1
3043,54,M,38466,23857,722,B,rural,1
3044,50,M,107545,43362,695,D,urban,1
3045,20,M,65406,41671,330,A,urban,1
3046,36,M,18688,10364,629,B,suburban,1
3047,40,F,84284,5449,468,A,suburban,1
3048,46,F,119646,25830,565,A,suburban,1
3049,47,F,28665,26078,607,D,urban,1
3050,56,M,117434,42574,758,C,suburban,1
3051,61,M,35641,5869,484,A,urban,1
3052,64,M,47500,43847,633,B,urban,1
3053,42,F,50797,45075,814,B,suburban,1
3054,54,F,99766,33140,740,A,suburban,1
3055,64,M,60950,8659,972,C,suburban,1
3056,25,F,40046,41370,690,B,rural,1
3057,59,M,117339,46352,859,C,suburban,1
3058,33,F,116203,19385,553,A,suburban,1
3059,25,F,24638,48751,885,B,suburban,1
3060,18,F,101363,24337,634,A,urban,1
3061,61,F,36173,10131,699,A,rural,1
3062,22,M,28222,6358,465,D,urban,1
3063,20,M,65064,30614,559,A,suburban,1
3064,18,M,52010,21771,303,A,urban,1
3065,21,M,33095,18603,418,D,urban,1
3066,57,F,16439,21246,769,C,urban,1
3067,52,F,118917,22216,769,A,suburban,1
3068,49,M,100550,46209,792,D,urban,1
3069,59,F,20375,47987,799,A,urban,1
3070,51,M,104023,47488,369,C,suburban,1
3071,60,M,106238,25577,993,A,urban,1
3072,42,M,35600,47320,669,C,urban,1
3073,27,M,17466,16301,480,B,urban,1
3074,38,M,60097,14515,304,A,suburban,1
3075,63,M,68276,31802,496,C,suburban,1
3076,56,M,65117,5891,346,C,rural,1
3077,44,F,61971,26972,851,C,urban,1
3078,44,M,21928,25932,933,D,urban,1
3079,19,M,103016,9192,946,B,urban,1
3080,58,M,70309,21128,439,B,rural,1
3081,65,F,89647,27836,964,C,suburban,1
3082,30,M,55888,29837,839,C,suburban,1
3083,26,F,110025,27778,726,B,rural,1
3084,69,F,58832,48130,888,B,urban,1
3085,53,F,24404,21708,986,B,urban,1
3086,39,F,48639,46945,860,D,suburban,1
3087,59,M,93118,29232,609,B,suburban,1
3088,43,M,75598,44412,573,A,suburban,1
3089,29,M,81399,9782,838,B,suburban,1
3090,34,F,42684,31315,689,D,suburban,1
3091,31,M,83591,15052,758,D,rural,1
3092,31,M,92722,24521,933,D,suburban,1
3093,51,F,17682,8898,660,D,urban,1
3094,37,M,53046,22219,368,B,suburban,1
3095,28,F,36832,9154,882,B,suburban,1
3096,33,F,31997,40546,961,C,suburban,1
3097,68,M,49640,18809,998,A,urban,1
3098,48,M,91882,30972,730,B,urban,1
3099,23,M,55491,44177,331,D,urban,0
3100,36,F,78043,17523,920,C,rural,1
3101,54,F,87725,42081,812,D,urban,1
3102,21,F,60520,27030,481,D,urban,1
3103,64,F,77919,45376,985,A,suburban,1
3104,21,F,79442,25105,980,D,rural,1
3105,37,M,36770,29295,547,A,suburban,1
3106,27,M,62498,16864,919,C,rural,1
3107,41,F,76477,48982,596,A,suburban,1
3108,52,M,15244,17876,329,B,rural,1
3109,43,M,47788,23055,601,D,urban,1
3110,54,F,110341,38684,775,A,urban,1
3111,55,M,94453,26972,651,C,rural,1
3112,38,F,72737,30493,781,A,urban,1
3113,57,F,61489,14325,616,A,rural,1
3114,56,M,86303,41775,696,B,urban,1
3115,38,F,43390,25373,388,C,urban,1
3116,27,M,25247,41253,533,A,urban,1
3117,55,M,84051,26181,467,B,suburban,1
3118,63,M,74719,15961,425,C,urban,1
3119,21,M,49678,22705,872,A,urban,1
3120,62,M,102802,49676,419,B,rural,1
3121,37,M,91286,41122,727,D,rural,1
3122,34,M,44583,31104,489,B,urban,1
3123,24,M,23076,18509,932,B,suburban,1
3124,21,F,33006,12101,727,C,suburban,1
3125,46,F,30051,9743,859,C,urban,1
3126,31,M,19314,13951,501,C,suburban,1
3127,20,M,43670,12014,358,D,urban,1
3128,41,M,115757,41180,996,A,urban,1
3129,54,M,82551,46908,522,D,suburban,1
3130,33,F,25236,48039,791,D,suburban,1
3131,69,F,50568,13219,310,D,urban,1
3132,21,M,75314,12163,811,B,suburban,1
3133,41,M,106903,7470,609,D,suburban,1
3134,51,M,31352,48498,333,A,suburban,1
3135,47,F,60650,21543,639,C,suburban,1
3136,35,M,25346,24276,946,A,suburban,1
3137,36,F,40156,41881,780,D,urban,1
3138,48,F,70904,18414,873,C,urban,1
3139,36,M,29035,12749,392,A,suburban,1
3140,66,F,31108,29182,927,D,suburban,1
3141,63,F,17853,16914,432,B,urban,1
3142,36,F,99156,20007,718,C,urban,1
3143,39,M,19176,35951,767,A,suburban,1
3144,41,M,115459,49691,743,D,urban,1
3145,62,F,40920,37608,329,B,urban,0
3146,29,F,69850,26383,597,B,urban,1
3147,47,F,21829,18042,360,B,urban,1
3148,55,F,115190,30412,757,C,urban,1
3149,48,F,119775,18181,603,C,urban,1
3150,53,F,105666,49898,639,B,suburban,1
3151,36,M,88927,8405,747,B,urban,1
3152,65,F,99860,35868,601,B,suburban,1
3153,62,F,55667,15862,839,D,suburban,1
3154,53,F,80842,33688,784,C,urban,1
3155,47,F,50843,35945,376,B,urban,1
3156,66,M,65808,17939,932,B,suburban,1
3157,50,F,45543,33931,814,B,urban,1
3158,35,F,87780,43616,848,D,urban,1
3159,69,M,21611,44585,958,A,urban,1
3160,66,M,103242,43911,391,C,urban,1
3161,45,M,99612,47826,765,A,rural,1
3162,64,M,61902,46164,765,A,suburban,1
3163,28,M,48043,27942,898,A,urban,1
3164,62,M,20271,49539,339,D,rural,1
3165,50,F,87867,10272,989,D,urban,1
3166,34,F,92089,49134,628,A,suburban,1
3167,23,F,73745,29265,584,B,rural,1
3168,21,F,111876,33668,853,A,rural,1
3169,37,M,77077,21024,365,C,urban,1
3170,65,M,74119,36899,935,C,suburban,1
3171,64,F,26573,8747,956,A,urban,1
3172,44,M,36409,14297,931,A,urban,1
3173,32,F,100970,6607,408,D,urban,1
3174,23,F,39464,26458,714,C,suburban,1
3175,64,F,57840,32973,391,A,urban,1
3176,31,F,63785,28117,667,C,urban,1
3177,28,M,35662,21450,722,D,urban,1
3178,56,M,33228,20535,871,B,urban,1
3179,26,F,75721,34355,539,B,urban,1
3180,43,M,64223,12645,734,B,rural,1
3181,33,F,22386,47238,511,C,urban,0
3182,22,M,21862,9158,699,C,urban,1
3183,69,F,55108,46773,909,D,suburban,1
3184,27,F,106788,21786,825,A,suburban,1
3185,67,F,90023,45693,767,C,suburban,1
3186,20,M,95140,35911,469,A,suburban,1
3187,30,M,97963,31578,509,A,urban,1
3188,60,F,42201,9166,555,C,suburban,1
3189,66,M,83578,24309,982,D,suburban,1
3190,47,F,64966,20076,372,A,suburban,1
3191,62,F,69774,24377,446,D,rural,1
3192,23,F,25386,14278,639,B,rural,1
3193,34,F,92228,38539,616,B,rural,1
3194,62,M,30225,16440,917,A,urban,1
3195,68,F,31693,31245,905,C,urban,1
3196,36,F,87197,27097,874,B,rural,1
3197,59,M,58021,13167,453,B,suburban,1
3198,52,F,33261,6556,554,B,urban,1
3199,63,M,42378,48918,650,C,suburban,1
3200,43,M,101755,6151,846,B,urban,1
3201,68,M,26937,26698,611,B,suburban,1
3202,22,F,81330,22601,968,D,rural,1
3203,46,M,62366,31807,433,C,urban,1
3204,54,F,87322,25328,428,A,urban,1
3205,37,F,117318,13039,735,B,urban,1
3206,66,M,55160,11303,579,C,rural,1
3207,38,M,60313,24053,657,A,suburban,1
3208,27,F,118657,36644,551,C,suburban,1
3209,22,M,116711,40745,434,B,suburban,1
3210,53,F,42032,25762,822,B,urban,1
3211,23,M,106963,28611,959,A,urban,1
3212,43,M,32358,5422,618,D,suburban,1
3213,21,F,76710,36275,379,D,rural,1
3214,56,M,110326,31597,490,D,urban,1
3215,56,M,101157,16985,752,A,urban,1
3216,67,M,63821,33707,643,D,urban,1
3217,52,M,43365,8372,329,B,suburban,1
3218,18,F,28189,21083,713,C,urban,1
3219,41,F,91749,39710,667,A,rural,1
3220,53,M,22248,30816,895,C,urban,1
3221,23,F,19369,14950,801,D,urban,1
3222,58,F,78763,39247,961,A,urban,1
3223,63,M,23050,9626,320,A,rural,1
3224,61,M,43605,31408,848,A,urban,1
3225,48,F,64616,15777,545,A,urban,1
3226,37,F,69479,10147,582,B,urban,1
3227,41,F,118719,10443,913,D,suburban,1
3228,42,F,95934,5079,531,A,urban,1
3229,53,M,55883,36282,615,C,suburban,1
3230,38,F,48055,43345,635,B,urban,1
3231,47,F,83731,17901,710,A,rural,1
3232,41,F,105987,7223,544,B,rural,1
3233,61,M,22450,40337,686,A,urban,1
3234,59,M,17925,47732,988,C,rural,1
3235,47,M,95051,18768,657,A,urban,1
3236,39,F,65272,22507,913,C,suburban,1
3237,45,M,20310,21249,321,A,urban,0
3238,24,M,46817,40391,318,D,urban,1
3239,52,M,107944,39171,586,D,urban,1
3240,45,M,59528,12485,575,B,suburban,1
3241,31,F,70779,49568,958,B,urban,1
3242,27,F,99816,34784,851,A,suburban,1
3243,33,F,97641,29617,978,C,urban,1
3244,33,M,99083,42748,902,B,suburban,1
3245,48,F,91310,8878,371,C,suburban,1
3246,59,M,30457,6949,664,A,suburban,1
3247,42,M,57311,24844,634,A,suburban,1
3248,30,M,18980,25881,951,B,urban,1
3249,23,M,35886,26614,889,A,urban,1
3250,61,M,92112,28828,498,C,urban,1
3251,26,F,65877,14958,316,A,rural,1
3252,62,F,112427,13697,517,D,suburban,1
3253,53,F,51181,26624,949,C,suburban,1
3254,60,M,48262,20493,446,A,rural,1
3255,37,M,15947,47801,509,B,rural,1
3256,35,M,15022,26199,969,B,suburban,1
3257,60,F,16128,47354,713,C,suburban,1
3258,38,F,94522,5256,964,B,rural,1
3259,21,F,47322,39488,629,A,rural,1
3260,67,M,63929,35493,651,A,suburban,1
3261,50,F,96696,28731,462,B,suburban,1
3262,44,M,24808,12076,400,D,suburban,1
3263,24,F,110148,6071,626,D,urban,1
3264,23,F,67882,39390,626,A,rural,1
3265,32,F,36725,7066,454,C,suburban,1
3266,35,F,87534,30645,309,D,urban,1
3267,49,M,54950,46410,652,A,urban,1
3268,28,F,103954,38665,482,C,rural,1
3269,37,F,98576,34412,754,B,suburban,1
3270,41,M,35557,36835,945,C,urban,1
3271,32,M,36825,46041,305,C,urban,1
3272,65,M,23998,43549,632,D,suburban,1
3273,24,M,51080,48167,632,A,urban,1
3274,38,M,72797,31578,557,C,urban,1
3275,59,F,30802,14883,510,A,suburban,0
3276,43,M,26167,47139,350,B,suburban,1
3277,61,M,115628,27217,744,D,rural,1
3278,31,F,57407,15707,958,C,urban,1
3279,54,F,28338,45856,676,B,urban,1
3280,38,F,91289,18140,939,C,urban,1
3281,35,M,86520,16093,785,A,urban,1
3282,22,F,33895,21500,350,A,urban,1
3283,20,F,62910,43553,453,C,suburban,1
3284,40,M,80898,11507,881,B,urban,1
3285,43,M,18454,37586,609,B,rural,1
3286,54,F,101540,10830,698,C,urban,1
3287,41,F,75797,35608,433,B,suburban,1
3288,66,F,116559,42329,519,A,rural,1
3289,36,F,98137,29511,462,B,urban,1
3290,68,F,65637,38427,947,D,urban,1
3291,42,F,20349,23506,868,D,suburban,1
3292,38,M,54963,33395,801,B,suburban,1
3293,29,M,90583,49303,988,A,suburban,1
3294,58,M,22750,32126,414,C,urban,1
3295,50,F,109929,34466,798,C,suburban,1
3296,67,F,37463,22970,771,A,suburban,1
3297,21,F,89935,9682,448,B,urban,1
3298,59,M,73792,15939,540,D,rural,1
3299,24,F,28686,13826,422,B,suburban,1
3300,39,M,78528,28371,368,B,suburban,1
3301,50,M,114811,34946,362,C,rural,1
3302,34,F,37787,29359,315,A,suburban,1
3303,41,F,29776,24266,689,A,urban,1
3304,51,F,110063,43017,889,D,suburban,1
3305,45,M,72427,24195,933,A,suburban,1
3306,60,M,119887,32315,557,B,suburban,1
3307,58,M,76086,23268,516,B,rural,1
3308,56,M,117231,14710,778,D,urban,1
3309,39,F,78308,46581,413,C,urban,1
3310,66,F,30797,19161,679,A,suburban,1
3311,34,F,117535,36821,957,C,suburban,1
3312,51,M,20302,14729,536,B,urban,1
3313,23,F,78172,31913,775,B,rural,1
3314,63,M,53059,27184,897,C,urban,1
3315,23,F,15908,28279,978,A,urban,1
3316,51,M,75252,31570,428,D,rural,1
3317,18,M,95659,48030,809,C,urban,1
3318,27,F,27877,40133,464,B,rural,1
3319,38,F,29239,18195,576,C,urban,1
3320,22,M,101971,48805,556,A,urban,1
3321,19,M,42313,48998,431,C,suburban,0
3322,39,F,115890,22238,869,A,rural,1
3323,65,M,57103,20552,556,B,urban,1
3324,19,M,63408,7728,440,C,urban,1
3325,27,M,98251,28557,985,D,suburban,1
3326,51,M,103771,9938,986,A,urban,1
3327,33,F,106665,36202,508,B,rural,1
3328,65,F,25534,5131,818,B,urban,1
3329,68,F,115110,30692,350,B,rural,1
3330,56,F,58060,24977,802,A,urban,1
3331,39,M,32189,38061,558,C,suburban,1
3332,29,M,101067,32264,477,A,suburban,1
3333,41,M,25967,30575,842,D,urban,1
3334,64,M,96991,19727,655,B,rural,1
3335,57,M,80563,15488,617,D,urban,1
3336,55,F,23660,25069,965,A,urban,1
3337,27,F,105875,29400,663,D,urban,1
3338,52,M,54823,29146,354,A,rural,1
3339,68,F,70842,11846,455,C,urban,1
3340,66,F,24616,45352,343,B,suburban,1
3341,49,F,90976,28694,892,B,suburban,1
3342,24,F,117136,26740,977,A,urban,1
3343,38,F,63738,35996,841,A,urban,1
3344,37,F,28107,37125,621,C,urban,1
3345,43,F,76404,46409,947,B,urban,1
3346,21,F,109182,49200,313,C,urban,1
3347,63,M,106787,27970,656,A,suburban,1
3348,69,M,30954,15895,782,A,rural,1
3349,39,F,31943,43071,917,D,urban,1
3350,32,M,55725,27258,658,C,suburban,1
3351,57,M,60434,28354,617,B,urban,1
3352,38,F,100751,35641,374,C,suburban,1
3353,32,M,25110,13444,890,D,rural,1
3354,39,F,102091,14611,493,D,urban,1
3355,69,F,31462,15528,662,A,suburban,1
3356,45,F,94232,5999,395,D,suburban,1
3357,31,M,69081,8760,339,B,suburban,1
3358,44,M,67799,41884,696,C,urban,1
3359,58,F,81567,42179,406,B,urban,1
3360,57,F,104301,26941,316,C,urban,1
3361,45,F,66224,31022,826,C,urban,1
3362,43,M,71063,48130,798,B,suburban,1
3363,66,M,70240,48881,824,B,urban,1
3364,19,F,96352,41451,962,C,rural,1
3365,42,M,32868,31521,342,B,urban,1
3366,20,F,90973,34639,925,A,urban,1
3367,25,M,95989,39621,892,A,suburban,1
3368,61,M,37222,36449,649,C,urban,1
3369,50,M,94794,18079,952,D,suburban,1
3370,59,M,78924,11895,329,C,urban,1
3371,69,F,114854,32979,740,B,urban,1
3372,52,F,93513,17552,841,B,urban,1
3373,23,M,69649,32394,754,A,urban,1
3374,56,F,117986,37276,910,D,rural,1
3375,69,M,98749,38630,393,A,urban,1
3376,40,F,117055,9527,594,B,rural,1
3377,42,M,25223,17247,848,C,urban,1
3378,67,F,63166,22603,388,D,suburban,0
3379,60,F,54369,41563,802,A,suburban,1
3380,36,F,101379,5527,513,B,rural,1
3381,22,F,84392,7922,721,B,suburban,1
3382,68,F,74526,10849,825,C,rural,1
3383,28,F,27661,35300,491,A,suburban,1
3384,29,F,30591,32780,993,C,urban,1
3385,27,F,86718,33140,941,B,rural,1
3386,25,F,70235,22230,523,D,rural,1
3387,41,M,22970,31693,854,A,urban,1
3388,45,F,62922,11959,992,A,rural,1
3389,58,M,115398,40854,686,C,suburban,1
3390,53,F,45755,47730,980,C,rural,1
3391,54,M,34416,24667,773,C,rural,1
3392,38,F,28672,31401,907,C,rural,1
3393,25,M,98468,8323,502,A,rural,1
3394,26,M,61996,5445,746,A,urban,1
3395,64,M,89095,22409,367,A,urban,1
3396,32,F,15064,14963,391,D,urban,1
3397,65,M,83835,20437,477,B,urban,1
3398,63,M,85385,21855,962,A,urban,1
3399,57,F,20639,21411,858,A,suburban,1
3400,35,F,26055,15847,302,D,urban,0
3401,59,M,74220,8236,402,D,suburban,1
3402,37,M,102594,18487,572,D,rural,1
3403,23,M,44427,16848,833,B,suburban,1
3404,29,F,97516,18155,415,C,urban,1
3405,19,M,79666,16255,763,A,urban,1
3406,24,M,79274,6979,403,A,urban,1
3407,33,M,25866,26305,558,A,urban,1
3408,20,M,18889,14007,607,A,suburban,1
3409,62,F,63226,40094,666,C,suburban,1
3410,20,M,46335,40098,941,D,suburban,1
3411,44,M,65547,29030,601,A,urban,1
3412,67,M,41162,38770,859,D,urban,1
3413,60,M,104449,14734,326,B,suburban,1
3414,57,M,39687,11448,807,B,urban,1
3415,55,F,113756,44605,826,B,suburban,1
3416,50,F,25995,17396,664,B,rural,0
3417,45,F,71488,32881,597,A,urban,1
3418,18,F,17631,36177,660,C,suburban,1
3419,25,F,49954,45122,945,C,suburban,1
3420,54,M,20967,40297,803,D,suburban,1
3421,49,F,103294,41680,887,B,urban,1
3422,65,F,102278,22916,329,C,rural,1
3423,60,F,79471,36239,738,C,urban,1
3424,54,F,52116,49084,639,D,suburban,1
3425,21,M,107116,39189,425,B,urban,1
3426,47,F,49227,18510,895,D,urban,1
3427,23,F,16942,29966,865,C,urban,1
3428,63,F,62664,27152,665,C,urban,1
3429,36,M,43069,24202,742,A,urban,1
3430,49,M,102342,31445,562,B,urban,1
3431,26,M,29407,16152,521,B,rural,1
3432,29,F,74201,10617,301,A,urban,1
3433,28,M,95093,6195,693,B,rural,1
3434,63,M,69348,43997,605,D,rural,1
3435,33,F,96981,30433,445,B,urban,1
3436,18,M,32878,10305,829,A,urban,1
3437,62,F,98100,13077,827,B,urban,1
3438,38,M,93629,36385,607,A,rural,1
3439,47,F,70420,47113,970,B,suburban,1
3440,30,F,116092,42968,639,B,rural,1
3441,51,F,106987,47642,651,B,urban,1
3442,21,F,58168,38062,508,C,rural,1
3443,45,M,69862,11097,504,A,urban,1
3444,55,M,104622,44180,924,D,rural,1
3445,48,M,97025,46604,989,D,urban,1
3446,44,F,43004,49593,935,A,suburban,1
3447,22,F,35471,11678,314,D,suburban,1
3448,42,M,106820,37121,727,B,suburban,1
3449,20,F,75167,26404,775,B,urban,1
3450,50,M,117229,10743,597,A,suburban,1
3451,21,F,98828,21494,856,B,urban,1
3452,42,F,80308,46543,393,D,suburban,1
3453,37,M,98969,49185,406,A,suburban,1
3454,51,M,29568,14678,718,A,urban,1
3455,43,M,24466,42632,577,A,suburban,1
3456,22,F,106057,6648,427,B,urban,1
3457,52,F,72324,20677,758,D,urban,1
3458,45,M,117208,27765,337,B,urban,1
3459,46,M,30467,7381,908,A,rural,1
3460,26,M,112555,21489,497,B,suburban,1
3461,69,F,90955,16745,656,B,rural,1
3462,55,F,67948,10818,306,A,suburban,1
3463,67,M,31676,47654,855,B,suburban,1
3464,23,F,109791,38149,631,A,urban,1
3465,36,F,46514,32312,818,D,rural,1
3466,61,M,37650,42124,493,B,urban,1
3467,28,M,103290,43686,615,D,suburban,1
3468,19,F,92701,6316,300,D,urban,1
3469,64,F,25683,10454,361,D,rural,1
3470,61,M,113092,18107,642,A,suburban,1
3471,61,M,74819,9074,900,D,rural,1
3472,26,M,95978,26188,317,C,urban,1
3473,38,F,19860,36968,919,C,urban,1
3474,41,M,18729,45389,946,A,urban,1
3475,51,M,46351,28102,670,A,suburban,1
3476,39,F,77744,46422,878,D,rural,1
3477,20,F,39346,36957,904,A,urban,1
3478,29,M,89155,17872,949,A,urban,1
3479,45,M,91700,13349,870,B,urban,1
3480,47,F,119414,24693,998,D,suburban,1
3481,43,M,21955,37627,534,B,urban,0
3482,65,M,80642,48677,368,D,rural,1
3483,38,F,85290,15760,746,B,urban,1
3484,45,M,59293,16584,909,A,suburban,1
3485,43,F,76336,7106,307,B,suburban,1
3486,50,F,36662,18669,761,C,urban,0
3487,38,M,21408,30223,610,B,suburban,1
3488,52,M,55403,40706,433,B,urban,1
3489,69,F,16225,7483,684,A,suburban,1
3490,51,F,27196,32482,355,A,suburban,1
3491,58,F,84786,39143,659,C,urban,1
3492,68,F,30372,29240,413,B,rural,1
3493,64,M,32279,15015,387,A,suburban,1
3494,35,F,110729,21628,437,A,suburban,1
3495,28,M,69240,30443,407,B,urban,1
3496,40,M,107404,35819,799,D,urban,1
3497,65,M,53187,20060,834,B,urban,1
3498,39,M,63481,32437,443,A,rural,1
3499,34,F,43475,15654,955,B,rural,1
3500,22,M,59552,19253,355,C,urban,1
3501,61,M,82969,16565,919,B,urban,1
3502,28,M,91534,32597,305,A,suburban,1
3503,47,F,111669,32768,841,C,suburban,1
3504,32,F,114605,5087,746,C,rural,1
3505,44,M,21858,14432,684,A,urban,1
3506,52,M,89486,13764,606,A,urban,1
3507,50,M,89474,5178,938,B,urban,1
3508,37,F,40168,31301,601,C,urban,1
3509,33,F,47099,40408,932,D,rural,1
3510,51,F,86180,46965,704,B,suburban,1
3511,19,F,76455,36913,910,C,rural,1
3512,52,M,69240,23732,977,A,urban,1
3513,57,F,89796,7421,861,D,suburban,1
3514,45,F,69592,48715,809,C,suburban,1
3515,64,M,62458,25526,372,C,urban,1
3516,56,M,116611,33317,863,A,suburban,1
3517,23,F,73046,6217,564,A,suburban,1
3518,26,F,31488,40242,526,C,rural,0
3519,37,M,73841,5929,492,A,urban,1
3520,18,F,15395,45726,673,A,rural,0
3521,25,F,67669,39270,309,A,rural,0
3522,40,M,25845,38188,601,A,suburban,1
3523,20,M,51059,18580,658,C,suburban,1
3524,21,M,33394,43598,351,B,urban,1
3525,42,F,108993,35431,398,A,suburban,1
3526,64,M,60906,25742,892,B,suburban,1
3527,55,M,74332,22833,312,D,suburban,1
3528,32,F,52305,35885,689,D,urban,1
3529,38,F,57628,10811,656,B,rural,1
3530,52,M,36352,13619,939,B,suburban,1
3531,63,M,101682,29255,310,A,rural,1
3532,69,M,97971,29972,380,B,suburban,1
3533,31,F,66993,18527,560,C,suburban,1
3534,53,F,54386,37874,305,B,suburban,1
3535,29,M,118027,9049,757,B,suburban,1
3536,34,F,71624,46057,672,B,urban,1
3537,56,F,72065,6903,780,D,urban,1
3538,26,F,100504,49261,521,D,suburban,1
3539,52,F,23539,10376,380,C,rural,1
3540,30,M,16263,5042,814,A,suburban,1
3541,32,M,28305,27769,359,A,urban,0
3542,35,F,68817,6577,520,D,urban,1
3543,68,F,39398,17382,648,A,suburban,1
3544,50,F,112616,27449,860,C,suburban,1
3545,23,M,90801,43653,527,B,rural,1
3546,44,F,64107,33859,589,B,suburban,1
3547,40,F,47152,13576,592,B,urban,1
3548,44,M,108260,16663,492,D,suburban,1
3549,51,M,45624,41345,773,A,suburban,1
3550,63,F,114655,10244,556,C,suburban,1
3551,55,F,71132,39902,805,D,urban,1
3552,31,M,67979,8892,687,D,urban,1
3553,53,F,73013,32112,914,B,suburban,1
3554,25,M,109925,9321,697,B,urban,1
3555,52,M,78797,10776,665,D,urban,1
3556,36,F,66798,48352,957,B,urban,1
3557,47,F,31650,21119,589,B,rural,1
3558,31,F,41014,35569,608,B,urban,1
3559,37,F,91421,43596,577,A,suburban,1
3560,66,M,22434,38063,763,B,suburban,1
3561,42,F,45028,38181,488,C,suburban,0
3562,57,M,81558,27340,477,C,suburban,1
3563,41,M,39331,15187,827,A,urban,1
3564,31,M,82573,11668,674,D,urban,1
3565,43,M,89292,20344,897,B,urban,1
3566,55,M,61326,13195,753,B,suburban,1
3567,40,M,97979,21561,516,D,rural,1
3568,39,M,114728,42122,341,A,rural,1
3569,65,M,19123,27298,493,C,suburban,1
3570,36,F,31603,43250,626,B,rural,1
3571,63,M,80941,21076,672,C,rural,1
3572,68,M,57597,20376,764,B,suburban,1
3573,20,F,78238,41039,462,A,urban,1
3574,59,F,99238,48442,575,B,urban,1
3575,36,F,57719,10392,663,B,rural,1
3576,26,M,106786,32106,941,A,suburban,1
3577,45,F,56751,19309,779,D,rural,1
3578,37,M,101978,29809,988,B,urban,1
3579,62,M,32693,5693,759,D,urban,1
3580,24,M,104541,38937,564,B,urban,1
3581,31,F,52697,34233,838,B,urban,1
3582,26,M,109524,13623,685,D,rural,1
3583,36,M,112869,45550,384,D,urban,1
3584,64,M,44992,14174,615,A,suburban,1
3585,69,F,78825,16352,542,D,urban,1
3586,31,F,24522,10530,768,B,urban,1
3587,55,M,60406,9992,641,A,urban,1
3588,53,F,27121,28354,476,B,rural,1
3589,57,F,29219,8312,429,D,suburban,1
3590,34,F,16617,9318,956,D,suburban,1
3591,47,M,58016,39456,382,A,rural,1
3592,26,F,65672,5467,659,C,rural,1
3593,50,M,39276,32192,387,D,urban,1
3594,69,F,114887,47305,831,B,urban,1
3595,42,M,87240,40190,937,C,urban,1
3596,31,M,70735,28663,770,B,urban,1
3597,28,M,32959,36246,797,A,urban,1
3598,52,F,43522,42489,806,C,urban,1
3599,58,M,71087,46971,653,A,urban,1
3600,31,F,24953,45309,715,B,rural,1
3601,47,M,41567,47637,350,A,rural,1
3602,58,F,75523,33273,899,C,urban,1
3603,21,F,77708,34473,981,B,rural,1
3604,21,F,37560,18679,362,B,suburban,1
3605,45,F,73390,32445,388,C,urban,1
3606,25,F,83149,22870,489,A,suburban,1
3607,19,M,51660,30992,900,D,urban,1
3608,58,F,60104,34433,647,B,urban,1
3609,63,M,72805,16038,837,B,suburban,1
3610,39,F,117735,30933,475,A,urban,1
3611,58,F,39496,34236,663,A,urban,1
3612,33,M,98301,14770,853,D,urban,1
3613,46,M,106257,8749,782,B,rural,1
3614,66,M,18515,49585,418,C,suburban,1
3615,65,F,19454,40271,468,A,suburban,1
3616,47,F,37873,12855,919,C,suburban,1
3617,29,F,88920,49097,446,D,suburban,1
3618,52,F,28727,28439,987,A,urban,1
3619,28,F,84070,35290,736,B,rural,1
3620,63,M,114059,16101,738,D,rural,1
3621,67,M,112425,32240,488,C,urban,1
3622,38,F,64979,21783,459,A,suburban,1
3623,38,F,40465,49917,701,B,suburban,1
3624,22,F,68900,31809,885,A,urban,1
3625,65,M,74799,22923,317,D,urban,1
3626,37,M,111129,20026,439,C,urban,1
3627,54,M,36330,46196,414,D,rural,1
3628,20,M,23302,28569,627,A,urban,1
3629,61,M,93443,46887,524,B,urban,1
3630,50,F,104966,25893,857,A,urban,1
3631,26,M,87717,27435,738,B,suburban,1
3632,26,F,27875,41892,849,A,rural,1
3633,21,M,42219,37399,685,B,suburban,1
3634,52,F,51182,30236,820,D,urban,1
3635,34,M,95541,32199,552,A,suburban,1
3636,51,M,57269,25334,919,B,suburban,1
3637,41,M,94781,38217,397,D,suburban,1
3638,49,F,21457,20034,370,D,suburban,0
3639,18,F,21749,36085,850,A,urban,1
3640,25,M,48064,14442,746,D,urban,1
3641,62,M,24821,17643,389,A,urban,1
3642,40,F,113297,40069,729,B,rural,1
3643,64,M,118587,12710,518,D,suburban,1
3644,57,M,93655,43560,406,C,suburban,1
3645,29,F,22664,47427,775,D,rural,1
3646,29,F,44281,12216,753,D,rural,1
3647,63,M,46821,16712,907,A,urban,1
3648,64,M,118769,9905,843,B,urban,1
3649,32,F,39647,43767,425,B,rural,1
3650,58,M,84918,32930,446,B,rural,1
3651,36,M,96985,36192,579,A,suburban,1
3652,43,F,97799,28506,323,B,rural,1
3653,69,F,105179,12288,419,D,urban,1
3654,46,M,89944,49034,951,D,urban,1
3655,39,F,104142,35011,596,C,urban,1
3656,57,F,42603,20586,381,B,rural,1
3657,38,M,61458,37400,747,C,suburban,1
3658,68,F,85605,6567,769,C,suburban,1
3659,55,M,34623,6094,722,D,urban,1
3660,37,M,59440,16135,844,A,urban,1
3661,46,F,97427,18508,323,B,rural,1
3662,68,M,22704,14684,360,D,urban,1
3663,21,M,108826,32247,383,D,suburban,1
3664,24,M,42460,11191,524,B,suburban,1
3665,45,M,98045,22842,979,A,suburban,1
3666,45,F,97805,13046,485,D,rural,1
3667,21,F,88511,9934,674,B,urban,1
3668,39,F,21565,6354,371,C,suburban,1
3669,29,M,103003,44241,373,B,urban,1
3670,62,M,19870,34816,640,A,urban,1
3671,20,M,33909,7963,452,A,urban,1
3672,39,M,24117,32424,395,B,urban,1
3673,61,M,82474,19503,864,A,rural,1
3674,19,F,108926,8042,744,A,suburban,1
3675,41,F,59322,35241,985,B,urban,1
3676,51,F,116536,44741,409,B,urban,1
3677,44,M,35128,12139,757,A,urban,1
3678,58,F,112317,16226,350,A,suburban,1
3679,18,M,84001,44698,676,D,rural,1
3680,25,M,15440,19762,372,A,suburban,0
3681,40,F,75955,23116,511,B,urban,1
3682,55,F,64613,43108,731,B,urban,1
3683,23,M,85949,10111,467,D,urban,1
3684,39,M,26663,8081,630,B,suburban,1
3685,42,M,119059,34815,793,A,urban,1
3686,35,F,118316,12802,442,A,urban,1
3687,34,M,34547,47230,881,C,urban,1
3688,29,F,96662,22913,744,C,suburban,1
3689,23,M,15005,22465,693,B,urban,1
3690,43,M,118080,12994,811,A,rural,1
3691,44,M,22038,8531,985,B,suburban,1
3692,25,F,21414,14343,920,B,suburban,1
3693,36,M,102659,38484,996,C,urban,1
3694,59,F,84506,11229,627,A,urban,1
3695,18,F,91586,33775,903,B,suburban,1
3696,46,F,17606,31766,558,A,urban,1
3697,62,F,31482,21588,736,C,urban,1
3698,66,F,113829,28168,863,C,urban,1
3699,52,F,86873,49789,648,D,urban,1
3700,57,F,48948,49069,992,B,urban,1
3701,31,M,104987,41862,814,B,rural,1
3702,52,M,106801,26866,748,A,urban,1
3703,65,M,106250,14524,698,A,urban,1
3704,62,M,35875,27538,895,A,urban,1
3705,37,M,28057,47809,513,A,suburban,0
3706,66,F,47400,26226,845,A,suburban,1
3707,30,M,86458,13103,861,D,urban,1
3708,55,M,83607,23402,588,C,suburban,1
3709,66,F,102561,20090,558,A,urban,1
3710,63,M,42503,20915,557,A,suburban,1
3711,66,M,38765,46477,687,B,suburban,1
3712,25,M,116096,39206,993,B,suburban,1
3713,60,M,61612,26511,844,A,suburban,1
3714,37,M,113318,20029,564,B,urban,1
3715,50,F,99335,35831,612,D,suburban,1
3716,43,F,115989,28531,339,B,urban,1
3717,56,M,108012,9517,509,B,rural,1
3718,38,M,96748,26961,571,D,urban,1
3719,66,M,24428,31835,435,A,urban,1
3720,59,F,46419,32725,898,A,urban,1
3721,60,M,80195,30357,359,B,urban,1
3722,58,M,88695,48673,809,C,suburban,1
3723,26,F,104846,6244,975,B,urban,1
3724,41,M,117404,7416,814,A,urban,1
3725,54,M,54142,11490,314,D,urban,1
3726,66,M,86540,16683,913,B,suburban,1
3727,58,F,53289,10839,554,C,urban,1
3728,34,F,91948,29992,834,D,urban,1
3729,41,F,73951,49938,534,B,suburban,1
3730,38,M,26755,49735,430,D,urban,1
3731,68,F,99553,42777,969,C,urban,1
3732,56,F,18890,13924,984,D,suburban,1
3733,58,F,109376,20921,316,A,urban,1
3734,56,M,32175,29260,484,D,urban,1
3735,30,F,89727,33380,690,A,suburban,1
3736,28,M,80687,23811,722,C,urban,1
3737,63,M,99983,10721,741,B,urban,1
3738,36,F,103287,46191,995,A,suburban,1
3739,28,M,109711,9930,954,A,rural,1
3740,30,F,39288,9353,855,B,suburban,1
3741,63,M,61629,12832,311,B,urban,1
3742,62,F,62800,27951,819,A,urban,1
3743,18,F,52367,12770,379,A,suburban,1
3744,57,F,92810,30525,973,B,urban,1
3745,61,M,92754,21556,601,B,urban,1
3746,36,M,104328,20094,515,B,suburban,1
3747,29,F,83513,12935,547,D,urban,1
3748,25,M,97762,7675,840,C,urban,1
3749,25,F,44022,36280,571,A,urban,1
3750,62,F,84329,16240,432,B,suburban,1
3751,29,M,74414,9005,304,C,urban,1
3752,65,M,16659,11544,841,A,urban,1
3753,50,M,72941,22332,928,B,urban,1
3754,62,F,52930,31836,989,B,rural,1
3755,43,M,58473,19388,440,D,suburban,1
3756,56,M,70598,6694,782,B,urban,1
3757,45,M,31040,26141,604,C,suburban,1
3758,22,F,84806,27666,644,B,urban,1
3759,25,M,28286,43769,861,C,urban,1
3760,42,M,84139,44420,569,B,suburban,1
3761,44,F,70916,42349,407,B,suburban,1
3762,63,F,32600,42855,857,B,urban,1
3763,40,F,17291,6460,773,D,rural,1
3764,47,M,28123,41655,381,A,urban,1
3765,62,M,18811,46252,937,A,rural,1
3766,64,F,93883,14835,383,C,suburban,1
3767,40,M,46276,15910,589,B,rural,1
3768,66,F,69145,22221,370,A,urban,1
3769,64,F,61619,30613,474,A,urban,1
3770,37,M,96049,36353,762,B,suburban,1
3771,35,F,85678,43614,694,B,suburban,1
3772,35,F,103782,13463,390,D,rural,1
3773,19,M,106043,18336,768,A,urban,1
3774,21,F,41714,31534,733,D,suburban,1
3775,47,M,70685,7369,548,B,rural,1
3776,50,M,27194,30381,943,A,rural,1
3777,53,M,88062,24558,980,B,urban,1
3778,35,F,79037,27369,871,C,suburban,1
3779,54,F,34362,38650,540,A,suburban,1
3780,36,F,69499,35954,795,C,urban,1
3781,64,M,61281,30407,639,C,rural,1
3782,45,F,77813,40939,770,A,urban,1
3783,57,M,59852,31767,762,A,suburban,1
3784,37,F,62836,7040,574,A,rural,1
3785,66,M,19595,28116,314,C,urban,1
3786,50,M,110930,31170,340,A,rural,1
3787,29,M,30402,11372,507,C,suburban,1
3788,68,F,80283,27369,359,B,rural,1
3789,32,M,107676,12562,664,C,urban,1
3790,58,F,103131,49544,539,B,urban,1
3791,56,M,57723,10900,907,B,suburban,1
3792,19,M,66322,45733,459,D,urban,1
3793,46,M,61764,26700,696,C,urban,1
3794,58,F,39911,46233,799,B,urban,1
3795,27,F,106288,5589,508,C,urban,1
3796,19,M,34405,10063,432,C,suburban,1
3797,68,M,73122,25017,680,B,suburban,1
3798,28,M,104756,23374,732,B,suburban,1
3799,30,F,114489,27899,908,B,suburban,1
3800,27,M,116589,6258,688,D,rural,1
3801,31,F,18447,18598,882,B,urban,1
3802,35,F,68143,7866,731,A,rural,1
3803,68,M,77906,46504,573,B,urban,1
3804,26,M,25662,35132,650,A,suburban,1
3805,56,F,78001,34404,433,A,urban,1
3806,45,F,73282,5637,365,B,urban,1
3807,20,M,19899,29616,938,B,urban,1
3808,37,M,43582,42650,504,D,urban,1
3809,23,M,82471,20828,597,D,urban,1
3810,44,M,57213,31196,416,A,urban,1
3811,19,M,90871,41440,566,B,urban,1
3812,46,M,98205,37022,448,D,urban,1
3813,55,F,89081,37202,493,A,urban,1
3814,20,M,118559,33704,979,C,urban,1
3815,33,M,98805,30875,478,D,rural,1
3816,47,M,52830,28641,447,C,suburban,1
3817,57,F,22066,42479,764,B,rural,1
3818,19,F,25712,18235,868,D,suburban,1
3819,34,M,96527,27027,304,D,rural,1
3820,58,M,116326,37927,825,C,suburban,1
3821,29,F,80365,47912,579,B,urban,1
3822,52,M,102185,47691,798,C,suburban,1
3823,60,M,114851,32022,735,B,urban,1
3824,18,M,45806,10938,515,A,suburban,1
3825,62,M,27210,49122,986,B,rural,1
3826,32,M,51972,47692,814,D,suburban,1
3827,43,F,49136,38348,436,D,urban,1
3828,54,F,59297,37209,911,C,rural,1
3829,38,M,30945,42242,894,B,rural,1
3830,66,F,110201,14941,579,B,urban,1
3831,48,M,57477,12073,431,D,rural,1
3832,42,M,94180,47430,692,B,urban,1
3833,40,F,85453,42827,780,D,urban,1
3834,41,F,100404,42096,812,B,urban,1
3835,55,M,92413,5921,927,C,suburban,1
3836,45,M,28224,7773,718,D,urban,1
3837,38,F,18052,9462,501,B,urban,1
3838,60,F,42272,25960,951,A,urban,1
3839,35,F,56150,35268,957,A,urban,1
3840,53,M,111204,24818,761,D,urban,1
3841,52,M,32316,44501,501,C,urban,1
3842,62,M,68389,49542,451,C,urban,1
3843,26,M,78332,47078,521,B,urban,1
3844,55,F,22240,6865,378,C,urban,1
3845,47,M,112095,35706,499,C,rural,1
3846,61,M,83774,33887,398,A,rural,1
3847,51,F,58175,35511,512,D,urban,1
3848,49,M,15565,38479,442,B,urban,1
3849,20,M,102298,45478,688,B,rural,1
3850,20,F,86094,31401,673,B,suburban,1
3851,45,F,31375,33502,351,A,suburban,1
3852,61,F,40710,18394,923,C,urban,1
3853,32,M,64895,38158,434,A,urban,1
3854,58,F,91639,14262,710,D,suburban,1
3855,40,F,30174,9487,769,B,suburban,1
3856,57,M,102329,32341,411,B,urban,1
3857,28,M,42597,48388,824,C,urban,1
3858,65,F,89289,18570,343,C,rural,1
3859,49,M,53397,34605,696,A,urban,1
3860,53,F,86854,11066,884,D,suburban,1
3861,50,M,48069,42262,560,C,urban,1
3862,41,M,100687,31723,844,A,urban,1
3863,56,M,55274,8572,687,B,urban,1
3864,51,F,89237,17670,775,B,suburban,1
3865,45,M,87498,32839,709,D,urban,1
3866,54,F,53197,33401,879,B,urban,1
3867,24,F,63634,15249,315,B,urban,1
3868,21,F,45041,7311,961,A,rural,1
3869,54,F,22248,37011,401,A,rural,1
3870,18,F,100365,48839,485,C,suburban,1
3871,18,M,17203,44541,324,C,rural,0
3872,64,F,66986,44673,371,A,urban,1
3873,37,F,40370,8642,892,A,rural,1
3874,36,M,50247,11338,872,B,urban,1
3875,46,M,90922,14622,317,C,urban,1
3876,27,F,15434,47873,869,D,urban,1
3877,35,M,77982,44008,631,A,rural,1
3878,45,F,80180,12806,868,B,suburban,1
3879,52,M,49474,5757,396,B,suburban,1
3880,60,M,39644,31710,311,D,rural,1
3881,64,F,53493,26470,310,B,suburban,0
3882,48,M,98824,11220,462,A,suburban,1
3883,44,M,18959,47872,582,B,urban,1
3884,28,F,62289,31315,540,B,rural,1
3885,66,M,26143,32793,344,C,rural,1
3886,66,F,54593,19316,892,A,rural,1
3887,55,F,54115,47094,554,B,urban,1
3888,22,F,37540,27505,366,C,urban,1
3889,25,M,50481,33288,913,A,urban,1
3890,51,M,110505,13956,902,B,urban,1
3891,65,F,92097,24109,341,B,urban,1
3892,69,F,37578,8497,683,C,suburban,1
3893,29,F,27787,14864,888,A,rural,1
3894,55,F,87048,36510,533,D,rural,1
3895,18,M,67879,32981,784,A,urban,1
3896,48,M,25596,27026,338,A,urban,1
3897,21,M,112282,13774,310,D,urban,1
3898,66,M,75669,26017,923,D,urban,1
3899,62,M,34930,6821,708,A,urban,1
3900,67,F,62950,23021,407,D,urban,1
3901,22,M,110737,15372,393,A,rural,1
3902,47,M,33687,46148,383,C,urban,0
3903,41,M,67833,39514,357,A,suburban,1
3904,20,F,50989,33402,592,B,suburban,1
3905,28,F,45183,10797,315,B,suburban,1
3906,62,F,35758,21283,776,B,suburban,1
3907,21,F,16082,45857,904,B,rural,1
3908,43,M,111368,49905,464,B,suburban,1
3909,44,F,60891,12597,736,D,rural,1
3910,63,M,60810,35320,955,A,urban,1
3911,60,M,61901,36261,702,A,urban,1
3912,44,F,98512,11107,685,C,rural,1
3913,59,F,118912,30760,437,A,urban,1
3914,68,M,86062,40561,830,B,suburban,1
3915,67,M,111622,16138,592,B,suburban,1
3916,23,F,36563,40268,774,B,urban,1
3917,32,M,87008,36608,761,D,suburban,1
3918,47,M,17775,18138,672,A,rural,0
3919,59,M,30828,46129,461,A,rural,1
3920,54,M,32974,42693,941,A,suburban,1
3921,54,F,37388,22464,343,A,suburban,1
3922,59,M,95591,26248,382,B,rural,1
3923,54,M,33615,42221,935,C,suburban,1
3924,52,F,52886,23632,838,C,urban,1
3925,40,F,37838,17100,818,D,urban,1
3926,23,M,55728,6325,710,A,urban,1
3927,21,M,93000,16369,640,A,urban,1
3928,35,M,67798,15340,923,D,urban,1
3929,26,F,87776,18408,388,A,rural,1
3930,66,F,85478,24369,939,D,suburban,1
3931,46,F,34622,23460,529,D,rural,1
3932,30,F,28536,31105,317,D,suburban,1
3933,64,F,82136,36384,972,B,urban,1
3934,69,F,20700,6461,580,A,urban,1
3935,34,M,53839,47362,721,C,rural,1
3936,62,M,25248,37840,977,C,urban,1
3937,49,F,60291,33610,637,A,suburban,1
3938,65,M,97629,43798,565,C,urban,1
3939,39,M,99891,25995,654,A,urban,1
3940,21,F,32177,24180,659,B,urban,1
3941,22,M,34483,12717,516,D,suburban,1
3942,54,F,58815,18331,620,A,rural,1
3943,58,F,53533,18936,964,A,suburban,1
3944,66,M,15026,34550,992,A,suburban,1
3945,30,F,119997,25615,511,A,rural,1
3946,51,M,75611,8576,502,A,suburban,1
3947,62,M,102242,45868,452,A,rural,1
3948,39,F,39660,37503,981,A,urban,1
3949,40,F,70103,10728,728,D,rural,1
3950,68,F,67253,37800,586,D,suburban,1
3951,20,M,119913,15886,620,B,urban,1
3952,59,F,57082,19078,735,A,urban,1
3953,51,M,31258,9373,891,A,urban,1
3954,49,F,118613,37532,795,C,urban,1
3955,62,M,113315,40160,903,C,rural,1
3956,68,F,104690,33688,448,D,suburban,1
3957,66,M,110220,16063,841,A,rural,1
3958,38,M,30389,28089,934,C,suburban,1
3959,63,M,106860,38585,781,B,suburban,1
3960,61,F,42685,11203,625,D,urban,1
3961,38,F,74220,7438,328,B,suburban,1
3962,61,F,42195,32559,558,B,suburban,1
3963,28,M,36797,28212,997,C,rural,1
3964,56,M,86310,11641,374,D,suburban,1
3965,21,M,112169,21983,856,A,suburban,1
3966,68,F,81332,19026,880,A,urban,1
3967,18,M,108925,24636,797,B,suburban,1
3968,45,F,77907,39603,715,A,rural,1
3969,41,F,22188,17222,639,B,suburban,1
3970,52,F,38696,7177,607,D,urban,1
3971,30,F,17024,45910,914,B,urban,1
3972,64,F,88202,37916,540,C,urban,1
3973,51,F,50985,18105,552,C,suburban,1
3974,28,M,21584,39512,519,D,urban,1
3975,53,F,105998,6646,696,D,rural,1
3976,68,M,42044,14864,635,C,urban,1
3977,34,M,20285,31515,328,B,urban,0
3978,52,M,78115,28762,793,B,suburban,1
3979,35,M,22370,41435,801,B,suburban,1
3980,57,M,32903,21960,453,B,rural,1
3981,39,M,47499,49055,530,B,urban,1
3982,41,F,112904,32607,401,C,urban,1
3983,36,M,37995,21302,476,B,urban,1
3984,54,F,50200,35941,992,A,urban,1
3985,56,M,103377,36321,531,D,rural,1
3986,38,F,85402,35313,311,B,urban,1
3987,25,F,28566,42547,485,B,rural,1
3988,45,F,52822,45955,565,C,suburban,1
3989,22,F,66222,18029,434,C,suburban,1
3990,34,M,109088,40740,330,B,rural,1
3991,54,F,115085,23429,755,C,urban,1
3992,53,M,105450,33512,558,A,urban,1
3993,36,M,65668,16140,403,B,suburban,1
3994,44,F,78853,19847,730,A,urban,1
3995,51,M,69643,39256,681,C,rural,1
3996,28,F,37333,33774,768,A,rural,1
3997,62,F,30958,14127,812,C,rural,1
3998,64,M,67442,33205,506,A,rural,1
3999,29,M,35954,47674,946,D,suburban,1
4000,38,M,90174,39570,746,D,suburban,1
4001,28,F,114683,20627,388,B,urban,1
4002,56,F,24675,41288,494,B,suburban,0
4003,45,M,104590,43664,713,C,urban,1
4004,22,M,46661,37333,421,A,rural,1
4005,34,F,79289,41079,761,A,rural,1
4006,37,F,32184,23689,415,A,urban,0
4007,58,M,62963,29259,495,B,urban,1
4008,63,M,40822,31571,335,A,urban,1
4009,29,F,77303,13009,366,A,suburban,1
4010,23,M,91465,49674,944,C,suburban,1
4011,34,M,20267,49995,580,A,suburban,1
4012,68,F,67647,43230,778,A,rural,1
4013,36,F,77814,41226,310,D,urban,1
4014,43,M,51025,41498,621,C,suburban,1
4015,65,M,92605,33820,967,B,suburban,1
4016,61,M,15981,45315,539,A,urban,1
4017,61,M,58436,34482,359,B,urban,1
4018,69,F,33472,37795,949,A,rural,1
4019,49,M,34336,24875,861,D,rural,1
4020,23,F,40587,44191,978,C,suburban,1
4021,53,F,92192,17453,464,D,rural,1
4022,55,M,107862,14260,488,D,urban,1
4023,28,M,99046,47817,786,B,rural,1
4024,50,F,68013,30898,391,C,urban,1
4025,41,F,99511,10614,588,D,suburban,1
4026,40,F,24665,36843,808,B,urban,1
4027,32,M,42097,49451,374,A,rural,1
4028,44,F,106277,16687,856,B,urban,1
4029,28,F,67474,8801,727,A,urban,1
4030,68,F,86973,46048,684,C,urban,1
4031,67,M,40185,45144,352,C,urban,0
4032,34,F,90911,33942,474,D,urban,1
4033,68,F,107643,15148,972,C,suburban,1
4034,31,M,45484,22283,878,D,urban,1
4035,44,M,116165,24861,773,A,urban,1
4036,35,M,60610,39512,660,B,urban,1
4037,45,M,65807,27480,569,D,urban,1
4038,68,M,65907,23637,706,C,suburban,1
4039,64,F,72389,49621,423,C,suburban,1
4040,64,M,40835,39401,993,A,urban,1
4041,21,M,110279,28385,675,C,urban,1
4042,24,F,111453,30437,691,D,suburban,1
4043,62,M,119531,13149,481,A,suburban,1
4044,52,M,68790,19671,335,C,urban,1
4045,65,F,91960,42469,511,B,urban,1
4046,26,F,24643,28119,433,A,urban,1
4047,25,F,90846,38781,989,C,urban,1
4048,69,F,33951,21279,977,A,urban,1
4049,62,M,107104,8299,790,A,urban,1
4050,34,F,30233,39274,737,C,urban,1
4051,34,M,28200,9803,345,C,suburban,1
4052,66,F,67275,22361,967,A,rural,1
4053,50,M,102084,23201,700,D,suburban,1
4054,49,F,91068,33634,787,A,suburban,1
4055,25,F,104001,19760,731,D,urban,1
4056,36,F,36291,15826,727,C,urban,1
4057,55,M,57448,26285,871,B,urban,1
4058,20,M,45580,14140,816,A,suburban,1
4059,22,F,106685,11798,761,B,suburban,1
4060,30,F,36346,5567,480,A,rural,1
4061,64,M,25619,16624,444,C,urban,1
4062,63,F,16766,17215,564,B,urban,1
4063,48,F,18549,12966,705,A,suburban,1
4064,33,M,33693,45888,783,C,suburban,1
4065,67,F,77019,34753,781,A,urban,1
4066,49,F,112458,49104,536,B,suburban,1
4067,39,M,115280,42078,824,A,urban,1
4068,46,M,63328,6982,638,C,suburban,1
4069,39,F,92701,38864,567,C,urban,1
4070,60,F,104100,18582,565,C,suburban,1
4071,20,M,115794,24954,827,A,suburban,1
4072,27,F,40301,44265,391,A,rural,1
4073,59,F,59763,49350,547,A,rural,1
4074,38,F,35765,20378,318,A,suburban,1
4075,33,M,59787,48632,689,A,urban,1
4076,29,F,22425,9279,687,B,urban,1
4077,19,M,27857,32924,914,B,urban,1
4078,58,M,67771,22057,394,D,urban,1
4079,41,M,107999,12312,729,B,urban,1
4080,52,M,37444,35353,336,B,suburban,1
4081,47,F,56457,40137,692,D,urban,1
4082,47,M,117280,25914,872,B,urban,1
4083,64,F,94741,21192,590,B,suburban,1
4084,52,M,15704,22450,602,D,suburban,1
4085,36,M,20452,10432,700,D,suburban,1
4086,67,F,53862,36012,643,B,suburban,1
4087,25,F,76471,38455,817,C,urban,1
4088,43,M,84217,18175,676,B,urban,1
4089,66,F,101058,5068,464,C,rural,1
4090,57,M,33300,15295,312,D,urban,1
4091,24,M,24566,11774,324,B,suburban,1
4092,47,F,22501,17190,422,D,urban,0
4093,24,F,16845,36286,428,C,rural,0
4094,20,M,54181,15789,933,A,suburban,1
4095,18,F,72263,33914,846,C,suburban,1
4096,53,F,93766,36944,894,B,urban,1
4097,42,M,78038,11891,608,A,rural,1
4098,54,F,98290,26977,735,D,suburban,1
4099,18,F,49404,35351,481,B,urban,1
4100,32,F,37564,15316,887,B,suburban,1
4101,54,M,112898,38207,915,D,urban,1
4102,30,F,72435,30654,342,D,urban,1
4103,57,M,33227,12466,703,D,urban,1
4104,25,F,105296,22637,904,B,suburban,1
4105,22,F,110259,8209,955,B,suburban,1
4106,26,M,62475,41317,889,A,suburban,1
4107,18,F,32215,8078,562,B,suburban,1
4108,53,F,86074,32299,369,D,suburban,1
4109,52,F,36699,41258,960,C,urban,1
4110,19,M,27454,8543,591,A,urban,1
4111,57,M,63217,34091,513,A,urban,1
4112,40,F,36711,33947,446,D,urban,1
4113,26,M,30059,27064,324,D,rural,1
4114,51,F,63398,11751,622,B,rural,1
4115,63,M,16286,19906,408,C,urban,0
4116,31,M,49297,23096,992,A,urban,1
4117,21,M,119959,19425,550,C,rural,1
4118,47,M,115181,16811,781,C,urban,1
4119,48,F,41485,22578,981,C,suburban,1
4120,55,M,74967,11781,474,B,urban,1
4121,28,M,112803,26290,646,B,suburban,1
4122,52,M,69583,20563,469,A,rural,1
4123,25,F,66630,30888,301,D,rural,1
4124,20,M,42086,32491,945,D,suburban,1
4125,31,F,31484,37352,938,D,suburban,1
4126,30,F,83623,26676,857,D,suburban,1
4127,62,F,119132,5300,661,C,urban,1
4128,49,F,74263,42463,595,A,urban,1
4129,51,F,33675,49942,869,C,rural,1
4130,62,F,75664,26008,889,B,urban,1
4131,36,M,39680,25221,501,B,urban,1
4132,55,M,32077,34334,588,A,suburban,1
4133,33,M,53174,48518,361,B,rural,1
4134,19,F,91968,25301,801,C,suburban,1
4135,57,F,18491,12307,425,A,suburban,1
4136,34,F,61126,34251,348,A,suburban,1
4137,51,M,18392,39157,899,C,suburban,1
4138,59,F,77257,13882,478,C,suburban,1
4139,33,M,82804,15040,880,B,rural,1
4140,55,M,53400,11141,792,A,suburban,1
4141,19,M,51551,10969,732,B,urban,1
4142,19,M,43088,18162,871,C,rural,1
4143,43,F,95015,14131,601,C,suburban,1
4144,30,M,40465,10037,468,A,urban,1
4145,64,M,63155,27378,568,D,urban,1
4146,48,F,102893,19693,663,A,rural,1
4147,51,F,20969,31626,923,A,urban,1
4148,56,F,23981,7451,399,B,suburban,1
4149,20,M,36032,5024,514,B,urban,1
4150,25,F,69091,10962,924,D,urban,1
4151,40,F,39408,40324,396,A,suburban,1
4152,31,M,39241,36415,929,B,urban,1
4153,44,F,62940,29016,847,B,urban,1
4154,46,M,97938,21444,636,B,urban,1
4155,56,M,66105,45443,658,A,rural,1
4156,56,F,106302,21506,589,A,rural,1
4157,18,F,76050,43384,695,A,suburban,1
4158,34,M,18657,48062,659,B,suburban,1
4159,58,F,36230,36693,646,C,suburban,1
4160,47,F,33680,29248,423,C,rural,0
4161,30,F,97694,47690,851,B,suburban,1
4162,38,M,99731,9089,952,B,rural,1
4163,36,F,57340,7472,837,D,urban,1
4164,36,M,50950,48237,953,B,urban,1
4165,42,F,93515,45218,721,A,suburban,1
4166,39,M,22867,40732,635,C,urban,1
4167,48,M,95691,13104,802,C,urban,1
4168,34,F,93542,22694,356,B,suburban,1
4169,40,M,19329,29730,961,A,urban,1
4170,49,M,103087,39980,375,A,suburban,1
4171,27,M,50865,14454,765,D,urban,1
4172,27,F,81940,44560,584,A,suburban,1
4173,53,M,52869,14554,685,B,urban,1
4174,25,F,81905,30513,558,A,rural,1
4175,69,M,119969,46471,776,A,urban,1
4176,37,M,98984,35985,995,A,suburban,1
4177,49,M,116069,29762,310,A,suburban,1
4178,67,M,104711,45428,971,A,urban,1
4179,31,M,81252,6702,559,C,suburban,1
4180,67,M,94386,22038,692,B,rural,1
4181,45,F,16711,27219,899,C,urban,1
4182,63,F,40801,9271,668,A,urban,1
4183,69,M,102287,32397,483,D,urban,1
4184,41,M,119565,13955,315,D,urban,1
4185,32,F,105709,34602,805,A,rural,1
4186,39,M,68270,49227,385,D,urban,1
4187,47,M,86622,36545,309,A,suburban,1
4188,21,F,70535,28116,776,C,urban,1
4189,30,F,91759,11674,463,A,urban,1
4190,40,F,31220,22469,323,B,urban,1
4191,25,M,28392,10446,875,B,urban,1
4192,35,M,100587,25760,611,B,suburban,1
4193,29,F,17246,6963,537,C,urban,1
4194,48,M,35010,47745,761,B,rural,1
4195,31,F,83358,15466,761,B,suburban,1
4196,51,F,105203,32262,537,D,urban,1
4197,35,M,32234,10177,321,D,urban,1
4198,51,F,111190,16160,479,D,urban,1
4199,28,F,64451,42340,858,D,urban,1
4200,58,F,90205,12543,798,A,urban,1
4201,29,M,36784,46675,774,B,rural,1
4202,66,M,44672,21626,638,A,rural,1
4203,32,M,16082,44278,830,D,rural,1
4204,48,M,26148,34607,991,A,urban,1
4205,66,F,42494,25299,461,B,urban,1
4206,46,M,90093,22221,360,A,rural,1
4207,43,M,66952,8323,384,A,suburban,1
4208,35,M,51719,47305,846,A,urban,1
4209,49,F,63737,15615,789,C,urban,1
4210,39,M,74453,6432,304,A,urban,1
4211,55,M,54536,28238,375,B,suburban,1
4212,34,M,65604,45423,552,D,rural,1
4213,40,F,65833,13431,306,C,urban,1
4214,41,M,29039,13330,980,A,urban,1
4215,67,F,82839,49153,941,D,urban,1
4216,25,F,62931,13611,772,C,urban,1
4217,58,M,54925,18872,437,A,suburban,1
4218,23,F,66003,39930,657,C,suburban,1
4219,22,M,98817,11486,902,C,urban,1
4220,61,F,63897,41870,462,B,suburban,1
4221,46,F,102745,28258,617,A,urban,1
4222,45,M,108709,48186,757,B,suburban,1
4223,28,M,57287,6168,552,C,suburban,1
4224,18,M,105726,5415,500,A,urban,1
4225,60,F,48012,15905,831,C,suburban,1
4226,36,M,56783,10243,974,B,urban,1
4227,26,F,100727,21533,464,B,urban,1
4228,44,M,83315,32020,531,B,urban,1
4229,51,F,98766,27908,627,B,urban,1
4230,61,M,61491,10899,537,D,suburban,1
4231,21,F,103941,38606,419,C,urban,1
4232,53,M,73584,43912,918,B,suburban,1
4233,35,F,27803,14888,549,B,rural,0
4234,32,M,64625,20935,635,C,urban,1
4235,68,M,108361,12466,583,D,urban,1
4236,30,M,28698,20095,497,C,urban,1
4237,36,F,49560,16193,715,B,urban,1
4238,66,M,30376,6320,694,D,urban,1
4239,23,F,98654,17227,450,C,suburban,1
4240,65,M,28117,22907,564,A,urban,1
4241,29,F,71381,43002,519,B,suburban,1
4242,68,F,52956,49838,515,B,urban,1
4243,54,F,63786,43912,614,C,urban,1
4244,34,M,118585,5552,967,A,urban,1
4245,40,M,102778,25140,515,B,urban,1
4246,43,M,81480,25055,634,B,urban,1
4247,46,M,46695,38367,658,A,suburban,1
4248,50,F,16511,20098,925,B,suburban,1
4249,44,F,68233,29061,460,C,urban,1
4250,42,F,37502,36054,909,B,suburban,1
4251,27,M,65010,19800,810,B,urban,1
4252,64,F,105341,47124,456,B,urban,1
4253,40,M,107529,30579,461,B,rural,1
4254,38,F,88905,6982,341,B,rural,1
4255,38,M,61489,45598,479,A,rural,1
4256,60,M,115919,40765,602,A,urban,1
4257,30,M,98533,22070,629,D,rural,1
4258,54,F,96165,35886,862,B,suburban,1
4259,50,F,46949,49374,728,C,suburban,1
4260,41,M,83376,39527,649,B,rural,1
4261,61,M,94587,44791,419,A,rural,1
4262,28,M,108059,34513,374,C,suburban,1
4263,34,F,82310,27592,973,A,rural,1
4264,21,M,93798,28618,960,D,urban,1
4265,64,F,84407,20409,422,A,suburban,1
4266,42,F,88809,14529,952,B,urban,1
4267,47,F,32229,29154,481,A,rural,1
4268,26,M,42385,37882,556,D,suburban,1
4269,38,F,57176,49917,897,D,rural,1
4270,37,F,109825,21952,882,A,urban,1
4271,36,M,18260,20701,568,A,suburban,1
4272,36,F,112555,14745,792,A,urban,1
4273,29,F,18145,29335,479,C,suburban,1
4274,54,M,112289,7689,448,B,suburban,1
4275,59,M,22802,7988,817,B,urban,1
4276,34,M,17263,40919,447,A,urban,1
4277,54,F,41913,49487,979,C,suburban,1
4278,65,M,72788,14013,308,B,urban,1
4279,56,F,23155,44113,477,C,urban,1
4280,45,F,15922,8574,694,C,urban,1
4281,58,F,87231,37480,927,A,urban,1
4282,52,M,35672,12838,907,B,rural,1
4283,64,F,53526,33363,630,C,rural,1
4284,65,M,60344,36368,355,B,suburban,1
4285,35,M,34014,37228,506,A,urban,1
4286,31,F,88352,33639,404,C,suburban,1
4287,52,M,106279,19823,846,D,suburban,1
4288,61,F,55324,28510,654,D,suburban,1
4289,58,M,109075,43333,958,C,urban,1
4290,24,M,110638,9435,788,B,urban,1
4291,58,M,53698,43418,892,B,suburban,1
4292,30,F,92169,25553,802,A,urban,1
4293,35,F,38384,12436,349,B,rural,1
4294,54,F,18512,41476,386,A,suburban,0
4295,30,M,21066,39477,602,A,urban,0
4296,53,M,46500,29244,300,D,suburban,1
4297,48,F,93743,47721,680,D,urban,1
4298,19,M,100642,6692,949,D,urban,1
4299,33,M,94858,20523,947,A,urban,1
4300,26,F,69800,37326,661,D,urban,1
4301,26,M,78140,47205,680,A,urban,1
4302,55,F,115364,5125,965,B,urban,1
4303,28,F,99954,6199,461,C,urban,1
4304,39,M,17387,43860,318,B,urban,1
4305,50,M,71160,21375,542,D,suburban,1
4306,53,M,74241,7711,428,B,urban,1
4307,62,F,88567,37437,475,B,urban,1
4308,40,F,16799,33022,708,A,urban,1
4309,62,M,50548,14182,383,D,urban,1
4310,62,M,48895,32641,675,B,rural,1
4311,51,F,105450,34530,521,C,suburban,1
4312,26,F,95171,27612,624,C,rural,1
4313,41,M,55379,10995,750,C,urban,1
4314,25,M,60414,45950,715,B,suburban,1
4315,24,M,88071,43270,956,A,rural,1
4316,53,F,83344,17920,744,C,urban,1
4317,35,F,93591,27144,917,D,suburban,1
4318,20,M,108141,23882,624,D,suburban,1
4319,45,F,107201,7565,822,A,rural,1
4320,23,M,113303,28373,465,A,urban,1
4321,61,M,19297,48557,958,B,suburban,1
4322,61,M,101479,10024,537,C,urban,1
4323,38,F,113752,29691,312,B,rural,1
4324,45,M,20008,38799,556,C,suburban,0
4325,57,F,101813,6241,813,D,rural,1
4326,18,M,31820,39510,509,B,rural,1
4327,53,M,86548,43477,783,A,suburban,1
4328,38,M,37253,27383,664,D,suburban,1
4329,60,F,44202,16830,524,B,suburban,1
4330,52,M,44236,33975,493,B,urban,1
4331,30,F,82156,31551,495,B,urban,1
4332,66,M,75263,45928,699,B,urban,1
4333,27,M,114252,28267,356,C,urban,1
4334,61,M,89855,17375,924,B,rural,1
4335,64,M,31575,26513,512,B,urban,1
4336,27,M,27204,9403,578,C,suburban,1
4337,63,M,26952,9897,679,A,urban,1
4338,30,F,98323,5163,416,A,urban,1
4339,54,F,66142,41078,750,C,urban,1
4340,55,M,48872,22379,898,D,urban,1
4341,41,M,44376,35030,709,A,urban,1
4342,19,M,81084,34870,666,A,suburban,1
4343,39,M,26640,34482,412,C,suburban,1
4344,34,M,41437,36058,463,C,suburban,1
4345,53,F,102681,31871,303,B,suburban,1
4346,31,M,22903,31379,929,A,rural,1
4347,27,M,98704,7251,322,A,suburban,1
4348,52,M,41863,48860,901,C,urban,1
4349,42,M,58381,28674,391,B,urban,1
4350,20,F,43548,11590,768,D,urban,1
4351,64,M,64956,36432,454,B,urban,1
4352,55,M,89526,45426,926,C,suburban,1
4353,34,F,26467,27127,506,D,rural,1
4354,29,M,72954,43015,380,A,suburban,1
4355,69,F,38901,12715,914,B,suburban,1
4356,41,F,70983,8817,782,A,urban,1
4357,46,M,38301,34493,891,B,urban,1
4358,60,F,117542,22454,706,A,rural,1
4359,42,M,100180,9600,402,A,urban,1
4360,53,F,84903,29690,539,D,rural,1
4361,43,M,118955,47750,564,C,urban,1
4362,55,M,31204,38762,332,D,rural,1
4363,18,F,34755,42499,334,B,suburban,1
4364,37,F,74817,27452,548,B,suburban,1
4365,45,F,17093,12670,349,A,rural,1
4366,33,F,84537,26151,579,B,urban,1
4367,64,M,111319,22341,451,B,urban,1
4368,34,M,37940,34604,958,A,urban,1
4369,57,M,88346,13287,850,C,urban,1
4370,45,M,59040,23538,836,A,urban,1
4371,29,M,52322,22015,529,B,rural,1
4372,44,F,106544,49644,964,B,urban,1
4373,59,M,99437,20852,587,D,rural,1
4374,64,M,107969,26258,694,A,rural,1
4375,47,M,102725,43330,752,B,suburban,1
4376,58,F,109266,46508,919,B,rural,1
4377,51,F,24236,7248,332,A,suburban,0
4378,54,F,87597,11192,662,C,suburban,1
4379,23,M,99124,32410,410,A,suburban,1
4380,24,F,18902,14895,420,A,suburban,0
4381,49,M,114656,11406,315,A,urban,1
4382,49,F,49364,38924,822,D,urban,1
4383,42,F,113983,46303,397,A,suburban,1
4384,50,M,109410,10295,415,B,urban,1
4385,24,M,35096,17264,770,A,rural,1
4386,69,F,27020,33038,738,A,suburban,1
4387,29,M,73473,43922,580,A,urban,1
4388,33,F,59153,14136,648,B,urban,1
4389,33,M,56277,18213,531,A,urban,1
4390,60,M,102221,17072,410,A,urban,1
4391,53,M,53502,48010,651,D,urban,1
4392,30,M,30675,41053,311,B,rural,1
4393,24,M,39365,32431,787,A,urban,1
4394,53,M,102812,47290,832,B,suburban,1
4395,64,F,93229,7003,938,A,urban,1
4396,68,M,104049,24999,584,B,rural,1
4397,26,F,67148,36279,932,B,suburban,1
4398,49,F,104157,47747,935,A,suburban,1
4399,28,F,104247,15438,844,A,suburban,1
4400,25,M,108321,19227,691,B,suburban,1
4401,50,M,83078,8672,469,D,urban,1
4402,40,M,97598,12458,376,A,urban,1
4403,42,F,85902,23539,596,A,urban,1
4404,25,F,41465,8479,629,B,urban,1
4405,62,M,47286,19887,362,B,urban,1
4406,39,M,69795,5051,569,A,rural,1
4407,21,F,55178,7159,515,A,urban,1
4408,57,M,94183,9390,489,A,urban,1
4409,20,F,118845,25035,374,A,rural,1
4410,46,F,64986,33491,985,B,rural,1
4411,58,F,58201,21080,809,A,rural,1
4412,46,M,58315,39880,878,C,suburban,1
4413,51,M,90396,27149,392,D,urban,1
4414,51,F,70178,20339,352,C,rural,1
4415,45,F,25745,34305,795,B,urban,1
4416,30,M,87354,6354,393,C,urban,1
4417,32,M,94637,10620,924,B,urban,1
4418,40,F,20028,8754,528,D,suburban,1
4419,61,F,113261,21593,549,C,urban,1
4420,43,F,63566,21167,690,C,suburban,1
4421,21,F,58722,27555,481,A,urban,1
4422,43,M,101623,38005,566,B,urban,1
4423,57,M,89974,46295,580,B,urban,1
4424,26,F,98692,45843,966,A,urban,1
4425,22,F,99084,13691,382,B,rural,1
4426,49,M,54879,14756,485,B,rural,1
4427,37,M,39767,41308,950,B,urban,1
4428,67,F,119417,14327,866,D,rural,1
4429,28,M,83099,33520,830,A,suburban,1
4430,32,M,63657,48308,647,A,urban,1
4431,49,F,23498,45025,722,D,suburban,1
4432,45,F,88667,33900,753,D,rural,1
4433,39,F,40107,21533,566,B,urban,1
4434,58,M,43793,36881,806,A,urban,1
4435,34,F,17696,32782,441,B,urban,0
4436,43,F,68839,49488,615,A,urban,1
4437,61,F,104241,6624,975,D,urban,1
4438,24,F,38397,45429,531,C,suburban,0
4439,59,M,22704,25812,596,A,rural,1
4440,43,M,31442,12529,871,D,urban,1
4441,42,M,78788,25653,321,C,urban,1
4442,27,M,24765,32860,683,D,suburban,1
4443,62,F,25002,18654,425,D,urban,1
4444,36,F,26390,7108,402,A,rural,1
4445,28,F,59436,8947,409,A,rural,1
4446,30,F,99482,12899,869,B,rural,1
4447,25,M,21641,18372,771,D,suburban,1
4448,57,M,48709,42682,364,D,urban,1
4449,21,M,54309,35373,771,B,urban,1
4450,64,M,30624,44435,869,A,suburban,1
4451,48,M,24966,7263,969,A,rural,1
4452,45,F,104350,31188,375,C,urban,1
4453,28,F,49189,41583,318,B,urban,1
4454,60,M,86301,34295,683,B,rural,1
4455,18,M,110758,5577,489,B,urban,1
4456,66,F,32223,20029,659,C,urban,1
4457,64,M,117305,40531,751,D,rural,1
4458,69,F,93183,35066,378,B,urban,1
4459,55,F,118552,22613,895,A,urban,1
4460,41,F,19959,24560,471,C,suburban,0
4461,64,M,42257,13945,511,D,suburban,1
4462,48,F,112520,34418,744,B,urban,1
4463,58,M,65802,22071,448,A,urban,1
4464,63,F,102748,22130,309,A,suburban,1
4465,67,M,42215,25721,841,A,suburban,1
4466,43,M,70046,7712,354,A,urban,1
4467,66,F,117193,22091,938,B,urban,1
4468,67,F,109593,20857,479,A,suburban,1
4469,22,F,49094,46394,680,C,suburban,1
4470,37,F,53669,39301,721,A,suburban,1
4471,69,F,51126,21553,750,A,suburban,1
4472,58,M,114889,22404,392,B,suburban,1
4473,28,F,94036,12093,819,B,urban,1
4474,50,F,31772,18156,712,A,rural,1
4475,67,F,63586,18785,693,D,rural,1
4476,55,F,66943,30271,630,A,suburban,1
4477,44,M,83868,19694,732,B,urban,1
4478,51,F,64855,41114,462,B,suburban,1
4479,32,M,37218,9013,339,D,suburban,1
4480,49,M,116124,37799,384,B,urban,1
4481,38,F,96008,29752,889,B,suburban,1
4482,63,M,72205,16156,390,B,suburban,1
4483,22,F,19959,15304,783,B,rural,1
4484,23,M,97979,45645,684,C,urban,1
4485,55,M,60134,43938,492,A,urban,1
4486,39,F,40874,17078,552,D,suburban,1
4487,35,F,16301,31078,954,A,rural,1
4488,31,F,73017,7315,543,D,suburban,1
4489,27,F,58319,32220,569,B,suburban,1
4490,63,F,104616,36731,318,D,urban,1
4491,30,M,101219,37833,339,B,suburban,1
4492,48,M,110192,17420,909,A,rural,1
4493,47,M,37455,23312,815,A,suburban,1
4494,20,F,19112,26395,332,D,rural,1
4495,47,F,72033,45301,976,B,suburban,1
4496,23,M,73360,20317,749,B,rural,1
4497,46,F,97418,21968,838,A,urban,1
4498,25,F,47145,27854,984,D,urban,1
4499,61,M,47735,10244,924,A,urban,1
4500,62,M,87781,35929,906,A,urban,1
4501,60,F,82641,45922,618,D,urban,1
4502,61,F,36711,29054,945,D,suburban,1
4503,50,F,20630,23588,423,A,rural,1
4504,34,M,80488,49590,671,D,suburban,1
4505,65,F,18206,39660,650,A,urban,1
4506,28,M,71289,12018,622,A,rural,1
4507,30,M,33953,15621,787,D,suburban,1
4508,67,F,115932,5973,750,C,suburban,1
4509,28,M,25068,48602,652,A,rural,1
4510,48,F,93930,44383,415,A,rural,1
4511,45,M,70916,42097,312,A,suburban,1
4512,61,F,16067,39245,619,C,rural,1
4513,23,F,65658,30346,464,D,suburban,1
4514,58,M,67165,45097,384,A,urban,1
4515,33,F,95781,11444,547,D,suburban,1
4516,21,M,24859,29881,731,A,urban,1
4517,52,F,44164,29846,867,C,urban,1
4518,65,M,119946,16406,983,A,suburban,1
4519,43,M,95913,44611,952,B,urban,1
4520,29,M,117370,30439,943,A,suburban,1
4521,28,M,114251,10972,778,D,suburban,1
4522,54,F,35773,42873,667,A,rural,1
4523,42,M,72295,15931,656,B,urban,1
4524,35,M,48939,12702,707,D,rural,1
4525,36,M,63599,24298,644,B,rural,1
4526,40,M,21114,26540,478,A,suburban,1
4527,55,F,113475,37040,724,B,suburban,1
4528,35,F,27818,36000,840,D,urban,1
4529,43,M,24335,34805,742,B,rural,1
4530,23,F,70008,7599,605,A,suburban,1
4531,21,F,86745,27100,666,B,urban,1
4532,61,M,58148,35509,335,D,urban,1
4533,68,F,18577,40003,762,A,suburban,1
4534,46,F,88916,24183,920,B,urban,1
4535,51,F,19076,43241,445,C,suburban,1
4536,34,F,47925,5018,445,A,urban,1
4537,60,M,66869,5858,679,B,suburban,1
4538,60,F,74314,30992,467,D,suburban,1
4539,33,F,56205,37580,574,A,rural,1
4540,19,M,26095,10380,386,C,suburban,1
4541,51,F,99715,40800,453,D,suburban,1
4542,25,M,71680,23915,796,A,rural,1
4543,30,F,43400,45239,614,A,suburban,1
4544,59,F,99297,42487,909,D,rural,1
4545,25,M,82346,17943,859,C,urban,1
4546,47,M,102110,42631,573,A,rural,1
4547,49,F,43562,41806,561,A,urban,1
4548,53,M,55663,23836,786,C,rural,1
4549,64,M,33510,40614,753,B,urban,1
4550,47,M,76608,45832,742,B,urban,1
4551,18,M,87489,16394,561,D,urban,1
4552,60,M,67182,11622,842,B,urban,1
4553,56,M,119627,30280,404,D,urban,1
4554,34,M,102667,16782,649,C,suburban,1
4555,37,F,41883,6159,737,A,rural,1
4556,41,F,118909,9626,468,C,urban,1
4557,67,M,86427,28440,642,B,urban,1
4558,39,M,50844,41490,529,A,suburban,1
4559,46,F,33728,16630,322,A,urban,1
4560,39,M,113923,49042,975,B,rural,1
4561,61,M,26094,11589,580,C,urban,0
4562,26,M,17407,28233,818,D,suburban,1
4563,54,F,70412,40011,552,D,urban,1
4564,27,F,27644,13177,703,A,urban,1
4565,53,F,116308,39528,432,C,suburban,1
4566,54,F,100834,43210,573,A,urban,1
4567,45,F,75746,31372,917,A,rural,1
4568,45,M,67748,28508,531,A,suburban,1
4569,59,F,74021,19965,844,B,rural,1
4570,60,M,77651,8236,378,A,rural,1
4571,38,F,51807,20611,334,B,urban,1
4572,41,F,49072,27282,794,A,rural,1
4573,59,F,53398,46003,409,B,urban,1
4574,57,M,43669,20829,620,D,suburban,1
4575,19,M,45161,13680,874,D,suburban,1
4576,25,F,22282,16340,627,C,urban,0
4577,65,F,41539,36093,989,B,urban,1
4578,44,F,18307,26107,683,C,suburban,1
4579,39,M,32745,14148,663,C,rural,1
4580,54,F,54433,48074,531,C,rural,0
4581,44,F,117598,22499,915,A,suburban,1
4582,46,F,49555,23165,713,B,urban,1
4583,20,F,16073,48786,593,B,rural,1
4584,61,F,47683,30226,846,B,rural,1
4585,30,F,40741,23260,473,B,urban,1
4586,62,F,37286,29916,691,C,urban,1
4587,27,F,18599,48910,401,C,rural,1
4588,53,M,42293,35480,592,A,rural,1
4589,26,M,30389,37191,384,A,urban,1
4590,44,F,27318,14546,500,C,rural,1
4591,51,F,63875,41044,984,A,suburban,1
4592,68,F,18055,26921,840,A,rural,1
4593,18,M,97579,41940,596,D,urban,1
4594,49,M,21320,17836,355,B,suburban,1
4595,42,F,119817,13989,771,D,urban,1
4596,46,F,19642,18740,315,D,rural,0
4597,24,M,107694,35180,951,D,urban,1
4598,66,M,24321,18102,365,A,rural,1
4599,20,F,94968,20357,958,A,urban,1
4600,37,M,103293,35255,969,A,suburban,1
4601,37,F,74618,41094,771,A,urban,1
4602,47,M,117770,30221,880,B,urban,1
4603,52,F,41044,5719,322,C,urban,1
4604,52,F,36971,22906,785,D,urban,1
4605,66,F,40727,28140,714,D,suburban,1
4606,56,M,37559,6069,956,B,urban,1
4607,44,F,88820,12749,604,C,urban,1
4608,43,M,98201,17935,476,A,urban,1
4609,31,M,42476,42655,494,B,suburban,1
4610,34,F,77683,49035,312,D,urban,1
4611,35,F,25991,35720,465,A,urban,0
4612,62,F,100097,32937,449,B,suburban,1
4613,69,M,85047,23540,640,D,suburban,1
4614,46,M,25796,12944,856,A,suburban,1
4615,37,M,18881,17747,473,D,urban,0
4616,44,F,30668,15505,466,A,urban,1
4617,35,F,115717,16697,893,D,rural,1
4618,21,F,49312,41907,879,B,rural,1
4619,18,F,43106,20221,396,A,suburban,0
4620,67,M,107758,12087,978,A,urban,1
4621,18,M,30729,26462,703,C,suburban,1
4622,43,M,85320,27789,376,D,rural,1
4623,62,M,69913,38400,536,C,suburban,1
4624,37,M,72026,7199,590,D,rural,1
4625,69,F,74402,49023,435,D,urban,1
4626,40,M,118930,26737,666,A,suburban,1
4627,27,F,52282,11073,847,C,suburban,1
4628,28,M,114449,21744,547,B,suburban,1
4629,58,F,89638,15559,513,B,suburban,1
4630,58,F,53218,37695,369,A,suburban,1
4631,22,F,32950,13401,628,A,rural,1
4632,18,M,74739,16659,315,C,rural,1
4633,34,F,19507,46890,786,A,urban,1
4634,39,F,61303,18894,473,C,suburban,1
4635,51,M,117552,34160,998,D,rural,1
4636,62,M,94059,34272,573,A,urban,1
4637,58,M,39667,29512,823,C,urban,1
4638,46,F,18992,38645,518,C,urban,1
4639,21,F,88563,26179,812,A,urban,1
4640,22,F,102680,15691,698,C,rural,1
4641,28,M,40530,21110,410,A,urban,1
4642,68,M,30305,40291,763,A,suburban,1
4643,38,F,67129,34845,940,A,urban,1
4644,52,M,102267,44038,392,B,urban,1
4645,29,F,101209,29967,750,B,rural,1
4646,43,F,113833,33478,695,B,suburban,1
4647,68,M,67044,10088,850,A,urban,1
4648,36,F,106378,45332,778,D,rural,1
4649,62,M,104363,12066,615,D,urban,1
4650,24,F,73817,44313,970,B,urban,1
4651,64,M,118038,7321,997,A,suburban,1
4652,24,F,61666,29533,652,A,urban,1
4653,43,M,41173,29509,538,D,suburban,1
4654,57,M,33909,46098,403,A,suburban,1
4655,22,F,78967,13294,328,A,urban,1
4656,38,M,46007,43101,388,B,suburban,1
4657,31,F,27985,30059,674,C,urban,0
4658,21,M,37525,36248,696,B,suburban,1
4659,40,F,116046,45626,862,A,urban,1
4660,59,M,52403,25703,663,C,rural,1
4661,37,F,52193,43157,446,C,rural,1
4662,32,M,18830,8205,613,C,urban,1
4663,67,M,71144,39929,847,A,rural,1
4664,69,M,15533,22848,751,C,suburban,1
4665,62,F,35946,38411,805,B,suburban,1
4666,46,M,38504,19986,785,B,rural,1
4667,25,F,70715,16628,400,B,urban,1
4668,58,F,43255,43119,406,A,urban,1
4669,65,M,71441,9553,590,A,urban,1
4670,36,F,51855,11518,648,A,urban,1
4671,65,M,56721,43491,916,B,urban,1
4672,56,M,56850,12946,887,B,suburban,1
4673,63,F,115659,5610,526,C,urban,1
4674,45,F,49723,9302,895,A,suburban,1
4675,63,F,50739,39311,887,D,urban,1
4676,44,M,20539,39234,349,A,urban,1
4677,21,M,88029,46876,457,B,urban,1
4678,32,M,79509,19656,627,A,suburban,1
4679,52,F,116140,44004,376,C,rural,1
4680,54,F,36311,23656,932,C,urban,1
4681,18,F,118243,46811,753,D,suburban,1
4682,20,M,84180,9536,609,B,rural,1
4683,64,M,100981,47974,626,A,rural,1
4684,41,M,50934,24856,807,C,suburban,1
4685,44,M,24511,41410,406,C,urban,1
4686,57,M,15183,49830,540,D,urban,1
4687,53,F,24475,21447,734,A,urban,1
4688,51,F,99766,38327,327,C,suburban,1
4689,46,F,78130,39501,548,A,urban,1
4690,41,M,74577,13861,663,B,suburban,1
4691,41,M,41008,25278,832,A,urban,1
4692,59,F,91868,6542,771,C,urban,1
4693,21,M,62941,47231,966,C,rural,1
4694,20,F,57756,7415,838,A,rural,1
4695,51,M,85258,48751,888,B,suburban,1
4696,66,M,95730,17905,712,B,urban,1
4697,40,F,107167,26601,868,A,rural,1
4698,69,M,42912,43155,930,A,urban,1
4699,40,F,97702,26563,464,B,suburban,1
4700,62,F,65659,45955,875,C,urban,1
4701,22,M,61840,11643,347,B,suburban,1
4702,48,M,96512,29044,961,B,suburban,1
4703,58,F,53623,16246,783,D,rural,1
4704,23,F,78303,7458,457,A,suburban,1
4705,54,M,61062,11028,967,C,rural,1
4706,27,F,71690,43215,450,B,suburban,1
4707,57,M,92582,39716,524,D,suburban,1
4708,24,M,113980,11306,559,B,urban,1
4709,56,M,38634,46019,686,C,urban,1
4710,55,M,19090,45860,555,A,suburban,1
4711,38,M,60266,32678,360,D,rural,1
4712,37,F,45008,29908,695,B,urban,1
4713,20,M,102643,17363,696,B,urban,1
4714,68,M,73704,19066,461,A,urban,1
4715,39,M,77866,37711,679,D,rural,1
4716,64,F,23382,5189,742,C,urban,0
4717,21,F,62774,16752,648,A,urban,1
4718,45,M,89570,12482,330,A,urban,1
4719,29,M,89062,21679,370,B,urban,1
4720,55,M,104609,29552,696,A,suburban,1
4721,68,M,61698,5799,737,B,rural,1
4722,53,M,16110,30381,301,D,urban,1
4723,64,M,96981,14934,861,C,urban,1
4724,58,M,15386,24084,434,D,rural,1
4725,22,F,73513,46556,445,B,rural,1
4726,30,M,99120,14909,478,C,urban,1
4727,40,F,114987,30931,563,B,urban,1
4728,67,F,62801,30868,610,B,rural,1
4729,47,F,111085,48558,503,B,suburban,1
4730,54,M,86857,18846,998,B,rural,1
4731,42,M,104976,27257,329,D,urban,1
4732,65,M,46566,33013,358,B,suburban,1
4733,44,F,47521,42482,308,D,suburban,1
4734,68,M,38798,27875,623,C,rural,1
4735,31,F,28565,29717,466,B,rural,1
4736,65,F,38027,16408,636,B,urban,1
4737,64,M,112631,40607,678,B,suburban,1
4738,53,F,20631,41281,541,A,urban,1
4739,56,M,104865,32326,965,C,rural,1
4740,33,M,71878,18601,459,D,suburban,1
4741,39,M,60206,6135,534,A,rural,1
4742,38,M,118473,27741,752,D,urban,1
4743,38,F,73582,16913,498,A,urban,1
4744,25,M,73334,15101,776,B,urban,1
4745,66,M,87323,23631,332,B,urban,1
4746,33,F,68619,11548,707,A,urban,1
4747,48,F,118536,42284,388,A,rural,1
4748,59,M,41875,41870,906,B,urban,1
4749,27,F,39514,32215,520,A,suburban,1
4750,49,F,37580,42279,368,A,rural,0
4751,51,M,100827,24215,593,A,rural,1
4752,26,M,19288,30582,536,A,suburban,1
4753,34,M,21734,19024,459,A,urban,0
4754,28,F,98000,16413,589,B,urban,1
4755,49,F,54008,21319,853,D,urban,1
4756,27,F,64349,24446,877,A,suburban,1
4757,39,M,22814,45743,832,A,suburban,1
4758,34,M,58154,37036,634,C,suburban,1
4759,21,M,22851,17621,881,A,rural,1
4760,65,M,16600,15511,801,C,rural,1
4761,69,F,71614,24923,545,A,rural,1
4762,64,F,87402,15558,622,A,rural,1
4763,42,M,18692,37235,910,A,urban,1
4764,38,M,73027,5526,628,A,urban,1
4765,54,M,35373,6753,846,C,urban,1
4766,55,M,113636,31248,638,A,suburban,1
4767,66,M,77805,19656,470,D,suburban,1
4768,18,M,95383,28266,409,B,urban,1
4769,42,M,29507,15220,309,D,rural,1
4770,68,M,77931,23038,501,A,urban,1
4771,53,M,90499,17741,556,A,rural,1
4772,34,M,86642,9841,561,B,urban,1
4773,58,F,87869,41809,992,A,urban,1
4774,41,M,112449,35575,729,D,urban,1
4775,19,F,111819,46733,806,B,urban,1
4776,57,M,54423,19418,365,C,urban,1
4777,32,M,118612,42185,972,A,suburban,1
4778,49,M,110351,46745,878,C,urban,1
4779,56,M,101120,32881,911,B,rural,1
4780,23,F,105918,19587,888,C,urban,1
4781,18,M,81600,27268,334,A,urban,1
4782,64,F,56848,5448,856,D,rural,1
4783,40,F,21820,42353,961,D,urban,1
4784,56,F,23512,13108,790,D,suburban,1
4785,34,F,51725,16443,879,B,urban,1
4786,51,F,66534,27435,553,B,urban,1
4787,58,M,100151,38062,316,A,urban,1
4788,46,F,54776,6238,560,D,suburban,1
4789,26,M,75945,20321,555,D,urban,1
4790,30,M,98420,21074,723,A,suburban,1
4791,23,M,62455,18049,800,B,rural,1
4792,23,F,98488,40584,585,D,urban,1
4793,37,F,67433,6098,306,A,rural,1
4794,69,M,24711,19679,796,A,urban,1
4795,20,F,74262,39505,498,D,rural,1
4796,34,M,101009,40533,902,D,rural,1
4797,66,M,98785,16434,958,D,urban,1
4798,29,M,24597,49859,717,A,rural,1
4799,65,M,75067,38178,961,A,urban,1
4800,64,M,102520,32575,351,C,urban,1
4801,62,F,63022,24329,542,B,suburban,1
4802,18,F,96924,42554,518,A,rural,1
4803,34,M,33782,46837,817,D,rural,1
4804,20,M,66782,23493,408,D,urban,1
4805,43,F,87144,26830,650,A,suburban,1
4806,32,F,113651,43603,365,A,urban,1
4807,53,M,70013,39754,309,A,urban,1
4808,49,M,87036,13126,501,B,suburban,1
4809,49,F,50342,46838,513,A,urban,1
4810,21,F,100745,45068,367,B,urban,1
4811,35,M,35977,27093,626,B,rural,1
4812,66,M,118576,40171,349,D,suburban,1
4813,36,F,72396,13262,316,A,rural,1
4814,60,M,65021,48270,822,B,urban,1
4815,69,F,84057,25785,605,C,rural,1
4816,52,M,81836,44469,691,B,urban,1
4817,57,F,42075,8295,423,D,suburban,1
4818,31,M,104515,20687,803,C,suburban,1
4819,50,M,45802,7121,524,D,rural,1
4820,31,F,92761,8582,617,A,urban,1
4821,51,M,92017,35280,772,B,urban,1
4822,21,F,101753,47589,840,B,suburban,1
4823,41,M,70822,43468,657,D,urban,1
4824,46,M,66603,45000,782,A,suburban,1
4825,36,M,117689,42056,728,A,urban,1
4826,23,F,95291,36672,796,C,urban,1
4827,50,M,105450,6085,771,A,urban,1
4828,66,M,50592,20891,870,C,urban,1
4829,57,M,71006,20600,954,D,rural,1
4830,36,F,41269,37458,599,D,urban,1
4831,18,F,119268,13645,975,A,suburban,1
4832,22,M,65138,46578,383,A,urban,1
4833,44,M,77398,46596,676,B,urban,1
4834,33,F,105091,9874,612,B,urban,1
4835,23,M,34874,18767,928,C,urban,1
4836,57,F,72228,31825,619,C,rural,1
4837,30,F,77670,15913,503,C,rural,1
4838,65,F,117071,21215,654,A,rural,1
4839,52,M,22925,23733,593,C,suburban,1
4840,36,F,18107,19332,803,A,suburban,1
4841,29,F,101388,9432,444,A,rural,1
4842,33,F,110719,27559,838,C,suburban,1
4843,60,M,42617,31570,316,B,suburban,1
4844,27,M,89258,45033,874,C,suburban,1
4845,42,M,65075,11103,875,B,suburban,1
4846,37,F,37631,48780,338,A,suburban,1
4847,48,F,77444,20900,429,B,suburban,1
4848,21,M,112158,7031,414,C,suburban,1
4849,61,M,22883,22633,749,A,rural,1
4850,40,M,34708,28192,344,C,urban,1
4851,19,F,61221,24940,515,C,suburban,1
4852,39,F,32197,46287,899,B,urban,1
4853,68,M,36134,13988,714,D,rural,1
4854,54,M,48550,43067,988,D,urban,1
4855,25,M,29642,17952,564,D,urban,1
4856,24,F,35439,32369,739,C,rural,1
4857,31,F,112779,40862,916,B,suburban,1
4858,20,F,39583,7977,680,B,urban,1
4859,67,M,108885,43493,600,C,urban,1
4860,33,F,94538,6268,470,A,rural,1
4861,36,M,77014,21756,919,C,urban,1
4862,68,F,34523,25764,705,B,urban,1
4863,35,M,85543,45385,654,A,suburban,1
4864,69,F,100971,20032,460,B,suburban,1
4865,33,F,105629,34478,851,A,suburban,1
4866,25,F,91830,16885,325,A,suburban,1
4867,50,F,118941,14796,382,D,rural,1
4868,66,M,60538,44047,472,B,rural,1
4869,29,M,62310,37863,984,B,suburban,1
4870,28,F,25908,20478,369,A,urban,1
4871,22,M,72290,37117,305,B,urban,1
4872,44,M,68634,25753,494,A,suburban,1
4873,29,M,27699,25325,824,C,suburban,1
4874,34,F,115169,12021,362,D,urban,1
4875,23,M,81912,20185,312,D,suburban,1
4876,50,M,29255,10868,504,A,rural,1
4877,22,M,94183,18071,339,B,urban,1
4878,45,M,75282,13041,464,D,suburban,1
4879,31,F,73249,21515,330,A,suburban,1
4880,22,F,53176,49075,828,A,urban,1
4881,50,F,23163,45058,948,D,suburban,1
4882,67,M,69210,30966,976,C,urban,1
4883,65,F,119587,44284,697,B,suburban,1
4884,58,F,115280,47109,758,A,suburban,1
4885,36,M,86979,49470,522,B,suburban,1
4886,39,F,93860,27290,933,B,urban,1
4887,22,F,36143,35702,377,B,urban,1
4888,19,F,19920,33223,899,B,suburban,1
4889,47,F,97911,38575,924,B,urban,1
4890,64,M,52996,49168,911,C,urban,1
4891,56,M,26748,26661,727,C,urban,1
4892,21,F,109071,21439,724,C,suburban,1
4893,50,M,96251,41432,686,A,rural,1
4894,30,M,62252,38511,538,B,rural,1
4895,37,F,78179,36147,922,A,urban,1
4896,24,F,21450,34114,389,B,urban,1
4897,32,M,67756,11030,684,D,suburban,1
4898,40,F,65235,29515,438,C,rural,1
4899,31,F,105546,35333,946,A,urban,1
4900,40,F,15020,5079,823,A,urban,1
4901,36,M,95253,34048,543,A,urban,1
4902,46,M,24664,49900,804,A,suburban,1
4903,37,M,81635,7966,721,B,urban,1
4904,46,M,38225,8728,481,B,rural,0
4905,41,M,83173,42304,494,A,suburban,1
4906,35,M,100333,43581,933,A,urban,1
4907,27,M,55225,29794,352,C,urban,1
4908,58,F,25807,5947,984,B,urban,1
4909,25,M,98274,17565,478,D,suburban,1
4910,43,F,21402,20844,592,A,suburban,0
4911,46,F,19521,5594,674,D,urban,0
4912,27,M,78165,26414,358,B,suburban,1
4913,34,F,23382,35690,353,A,suburban,0
4914,19,F,117657,21524,544,A,urban,1
4915,23,M,30065,32469,448,B,urban,1
4916,22,F,100470,24439,667,B,urban,1
4917,45,M,29425,31206,315,A,urban,1
4918,58,F,28111,41973,475,D,urban,1
4919,22,M,55799,26555,839,A,urban,1
4920,35,F,68257,12782,705,B,urban,1
4921,43,M,76177,7660,766,B,rural,1
4922,37,F,96046,44624,428,B,urban,1
4923,58,M,52851,11089,522,D,urban,1
4924,66,F,23816,10318,543,D,suburban,1
4925,44,F,92853,31605,725,A,urban,1
4926,66,M,17175,34400,653,B,urban,1
4927,29,F,26341,20405,625,D,urban,0
4928,24,M,78908,35209,903,B,rural,1
4929,20,F,40654,13062,302,C,urban,1
4930,27,M,75895,22424,778,D,rural,1
4931,51,F,74696,46274,380,C,suburban,1
4932,42,F,72889,28987,343,A,suburban,1
4933,52,M,102144,49419,454,D,suburban,1
4934,33,M,98115,25556,835,D,urban,1
4935,19,M,45194,32601,398,C,urban,1
4936,41,F,49837,24330,696,B,urban,1
4937,27,M,83894,20730,470,D,urban,1
4938,55,F,99358,8236,447,D,rural,1
4939,39,F,56576,8680,422,D,suburban,1
4940,43,M,117548,35312,411,B,urban,1
4941,60,F,34727,26191,429,C,suburban,0
4942,56,M,49579,49066,367,C,rural,1
4943,44,M,111554,22921,907,A,rural,1
4944,46,F,31555,41640,956,B,suburban,1
4945,64,M,68294,39635,844,C,urban,1
4946,55,M,64777,41688,585,D,urban,1
4947,37,F,20906,10693,304,D,urban,1
4948,44,M,55751,25266,417,A,urban,1
4949,58,F,84599,48716,951,B,urban,1
4950,37,F,89180,31488,529,B,rural,1
4951,61,M,88678,29122,459,D,rural,1
4952,36,M,46644,46224,593,A,suburban,1
4953,37,F,48521,34004,485,C,suburban,1
4954,52,M,26564,11331,851,C,suburban,1
4955,64,M,85640,26566,523,D,urban,1
4956,19,F,42299,47262,451,B,rural,1
4957,47,M,62958,47154,439,C,urban,1
4958,51,F,71078,45899,666,D,suburban,1
4959,39,M,28421,49564,427,C,urban,1
4960,20,M,103747,25778,650,A,rural,1
4961,23,M,26202,38926,446,A,suburban,1
4962,32,F,57185,25751,584,D,suburban,1
4963,44,F,18685,22528,768,B,urban,1
4964,27,F,105197,5068,517,C,urban,1
4965,26,M,57637,8717,735,C,suburban,1
4966,50,M,33366,20218,444,D,urban,1
4967,49,M,118248,48968,576,B,rural,1
4968,65,M,39276,30402,359,C,rural,1
4969,23,F,95946,36643,909,A,urban,1
4970,58,F,63239,47129,674,B,urban,1
4971,53,M,90214,34152,703,A,rural,1
4972,19,F,39575,16526,992,D,urban,1
4973,46,M,56401,31916,413,D,urban,1
4974,21,F,56230,47975,794,A,urban,1
4975,18,M,94424,31028,914,B,urban,1
4976,36,M,97263,31709,635,C,urban,1
4977,43,M,83617,46999,868,C,urban,1
4978,42,M,38021,20063,584,C,suburban,1
4979,27,F,24449,9723,428,D,suburban,1
4980,32,M,30657,9213,614,D,suburban,1
4981,39,M,50059,27797,897,B,urban,1
4982,68,F,16532,41234,370,B,rural,0
4983,65,F,117666,24410,644,B,suburban,1
4984,38,F,65805,28382,397,D,urban,1
4985,39,M,96551,7747,599,B,suburban,1
4986,53,F,52756,28655,475,C,urban,1
4987,51,F,86880,35348,374,A,urban,1
4988,47,M,89642,17454,442,D,rural,1
4989,42,M,49206,17587,322,C,urban,1
4990,62,M,67168,27555,480,B,suburban,1
4991,45,M,90188,33071,344,B,urban,1
4992,18,M,39550,25239,768,A,rural,1
4993,66,M,21389,36602,391,D,urban,1
4994,62,F,102897,7203,568,C,urban,1
4995,21,F,50847,18635,333,C,suburban,1
4996,24,F,119599,6144,977,A,suburban,1
4997,66,F,94239,37699,881,A,suburban,1
4998,26,M,33642,24083,663,B,suburban,1
4999,53,F,51509,31127,432,A,urban,1
5000,36,F,94417,17213,681,B,urban,1
